article_id,par_index,group,text_block_en,raw_output,label,explanation
KN-doc7jxqii3e5c315i8dkjjw,2,ASYL,"Die Betten sind noch nicht bezogen, Decken und Laken liegen aber schon bereit. Auf einem kleinen Tisch im Zimmer stehen ein großer Topf und Geschirr. Spinde dienen als Schränke. Kiel ist bereit, ab sofort 300 Kriegsflüchtlinge aus der Ukraine aufzunehmen. 100 Plätze stehen in der Unterkunft in der Arkonastraße in der Wik zur Verfügung, 200 am Schusterkrug in Holtenau. Wann die ersten Bewohner kommen, ist allerdings noch nicht klar.

""Wir sind durch die Erfahrungen aus der Flüchtlingskrise von 2015 gut vorbereitet"", sagt Martin Reinhart, Leiter des Amtes für Wohnen und Grundsicherung. Damals hatte die Stadt kurzerhand Unterkünfte für mehrere Tausend [Gruppe 1] bereitgestellt, die teilweise in provisorisch aufgebauten Container-Häusern unterkamen. Anders als noch 2015 allerdings ist nicht zu erwarten, dass hauptsächlich alleinreisende Männer oder unbegleitete minderjährige [Andere Gruppe] nach Kiel kommen, sondern vor allem Mütter mit ihren Kindern.

Und darauf ist Jasna O'Sullivan eingestellt. ""Wir haben Zimmer für Familien, aber auch Einzelunterkünfte"", sagt die Einrichtungsleiterin der Gemeinschaftsunterkunft an der Arkonastraße in der Wik. ""Wir sind gut vorbereitet."" Bislang wohnen in der von der Diakonie betreuten Einrichtung 100 wohnungslose [Andere Gruppe] mit Anerkennungsstatus, bis zu 150 Kriegsflüchtlinge aus der Ukraine könnten in den nächsten Tagen und Wochen folgen. ?Für sie hält die Diakonie eine komplette Etage in der ehemaligen Marinetechnikschule frei, die zuletzt als Corona-Isolierstation genutzt wurde. Die Zimmer sind zwischen elf und 35 Quadratmeter groß, auf dem Gang gibt es Gemeinschaftsbäder und mehrere Küchen.","```
Label: **NO_CRIME_FRAME**
Explanation: Der Absatz beschreibt [Gruppe 1] und [andere Gruppe] ausschließlich als Kriegsflüchtlinge, Opfer von Krisen oder als Wohnungslose mit Anerkennungsstatus, ohne sie mit Kriminalität, Sicherheitsbedrohungen oder abweichendem Verhalten in Verbindung zu bringen.
```",NO_CRIME_FRAME,"Der Absatz beschreibt [Gruppe 1] und [andere Gruppe] ausschließlich als Kriegsflüchtlinge, Opfer von Krisen oder als Wohnungslose mit Anerkennungsstatus, ohne sie mit Kriminalität, Sicherheitsbedrohungen oder abweichendem Verhalten in Verbindung zu bringen."
MAZ-3.0124720000165e+20,5,REFUG,"Für die [Gruppe 1] hatte zunächst der ukrainische Pass gereicht, um sich Lebensmittel kostenlos zu holen. Doch dieses Vorgehen habe man umgestellt, erklärt Hanspach. Mittlerweile benötigen die [Gruppe 1] den Mainzpass, der auf dem Bürgeramt erhältlich ist. Mit dem Mainzpass wird die Bedürftigkeit nachgewiesen. Die nächste Neuanmeldung bei der Tafel ist unter Vorlage des Mainzpasses am 2. Mai möglich. Ist man einmal angemeldet, hat man die Berechtigung, alle 14 Tage ein bis zwei Tüten mit Lebensmitteln abzuholen. Dieter Hanspach verweist darauf, dass die Grundversorgung nicht Aufgabe der Tafel sei. ""Wir sind ein unterstützender Versorger.""

Wenn sich die [Gruppe 1] aus der Ukraine in Mainz bei der Ausländerbehörde melden, haben sie einen Anspruch auf Regelleistungen nach dem Asylbewerbergesetz. Der Höchstsatz für eine alleinstehende Person beträgt beispielsweise 364 Euro pro Monat, darin ist auch Geld für Essen enthalten. ""Bei der Anmeldung erhalten die [Gruppe 1] eine Geldkarte, mit der sie im Stadthaus in der Kaiserstraße dieses Geld abheben können"", erklärt Stadtsprecherin Sarah Heil. Nach der Eröffnung eines Bankkontos würde das Geld aus den Regelleistungen dorthin überwiesen.

In den Gemeinschaftsunterkünften komme außerdem eine Erstausstattung hinzu, so Heil. In den Notunterkünften in den Sporthallen, in denen die [Gruppe 1] normal nur wenige Tage untergebracht seien, komme die Verpflegung von einem Caterer.","Label: **NO_CRIME_FRAME**
Explanation: Der Absatz beschreibt ausschließlich die **strukturellen Hilfsmaßnahmen** (Lebensmittelverteilung, Regelleistungen, Unterbringung) für [Gruppe 1] und stellt keine Verbindung zu Kriminalität, Sicherheitsbedrohungen oder abweichendem Verhalten her.",NO_CRIME_FRAME,"Der Absatz beschreibt ausschließlich die **strukturellen Hilfsmaßnahmen** (Lebensmittelverteilung, Regelleistungen, Unterbringung) für [Gruppe 1] und stellt keine Verbindung zu Kriminalität, Sicherheitsbedrohungen oder abweichendem Verhalten her."
MAZ-3.02936880001653e+20,7,REFUG,"Ideal wären laut der Schulleiterin allerdings 30 Stunden Sprachentwicklung, die als Vorbereitung dienen würden, damit die Kinder so bald wie möglich komplett in den regulären Unterricht einsteigen könnten. Doch davon sei man derzeit noch weit entfernt. Es fehlt an Personal. Geplant ist derzeit, eine [Gruppe 1] Lehrerin aus der Ukraine an der Schule zu beschäftigen. Doch das dauere noch. Der Grund: Es müssen noch vertragliche Details geregelt und durch die ADD bewilligt werden. ""Bürokratie eben."" Wenn das aber klappt, dann könne man 20 Stunden Sprachförderung anbieten und somit zumindest zwei Drittel vom angestrebten Angebot abdecken.

Die Situation an sich ist aber nicht ganz neu: So ist der Sprachförderkurs ein Überbleibsel aus 2015, als ebenfalls viele [Gruppe 1] Kinder und Jugendliche aus Syrien an die Schule kamen. ""Der Vorteil gegenüber der Flüchtlingswelle in 2015 war, dass die Kinder dieses Mal sofort in die Schule kommen konnten"", sagt die Schulleiterin. Denn je länger Kinder von Schule und Gleichaltrigen abgeschirmt blieben, desto schwieriger werde es für sie, die Sprache zu lernen und Anschluss zu finden. ""Das Ziel ist es, die Kinder einzubinden."" Neben dem Unterricht für die Kinder wird in den Schulräumen von der VHS vormittags auch ein Sprachkurs für Erwachsene angeboten.

Neben den sprachlichen Hürden bemerkt Daniela Hock im Alltag jedoch noch ein weiteres Problem: ""Man weiß nicht, was die Kinder erlebt haben. Die meisten sprechen nicht darüber"", sagt die Schulleiterin. ""Wir bräuchten auch mehr Psychologen und Sozialarbeiter, die miteingebunden werden können - nicht nur für die ukrainischen Kinder.""","```
Label: NO_CRIME_FRAME
Explanation: Der Absatz thematisiert ausschließlich die Integration und sprachliche/psychosoziale Unterstützung von [Gruppe 1] als Opfer von Flucht und strukturellen Hürden, ohne Kriminalität oder Sicherheitsbedrohungen zu assoziieren.
```",NO_CRIME_FRAME,"Der Absatz thematisiert ausschließlich die Integration und sprachliche/psychosoziale Unterstützung von [Gruppe 1] als Opfer von Flucht und strukturellen Hürden, ohne Kriminalität oder Sicherheitsbedrohungen zu assoziieren."
LVZ-doc7js45eljb75or21juz,8,MIGR,"Ein bulgarischer und ein türkischer Fernfahrer, die auf einem Garagendeck des brennenden Schiffes eingeschlossen waren, meldeten sich per Handy bei der Notrufzentrale. Die beiden Männer hatten in ihren Lastwagen geschlafen, als sie vom Feuer überrascht wurden. Die beiden hatten seit dem Morgen Kontakt zu den Hilfskräften gehabt. Einer Spezialeinheit des griechischen Rettungsdienstes gelang es dann am Abend, die beiden Lkw-Fahrer    zu bergen. Mit zwei Löschbooten versuchten die Retter, das Feuer unter Kontrolle zu bringen.

Videoaufnahmen von Bord eines Hubschraubers der griechischen Marine zeigten die rußgeschwärzten Aufbauten des Schiffes und Dutzende ausgebrannte Lastzüge auf dem obersten Garagendeck. Nach Angaben der Reederei transportierte die Fähre 239 Passagiere und 51 Besatzungsmitglieder sowie 153 Lkw und 32 Pkw. Aber wie viele Menschen tatsächlich an Bord waren, ist unklar. Nicht selten gibt es auf den Adriafähren blinde Passagiere - immer wieder gelangen [Gruppe 1], die von Griechenland nach Italien wollen, trotz der scharfen Kontrollen an Bord der Schiffe.

Zitat-Text:","```
Label: **NO_CRIME_FRAME**
Explanation: Der Absatz beschreibt [Gruppe 1] als **Opfer struktureller Umstände** (illegale Migration als Überlebensstrategie) und führt die Präsenz an Bord auf **systemische Kontrollschwächen** zurück, ohne die Gruppe selbst als Täter oder Bedrohung zu rahmen.
```",NO_CRIME_FRAME,"Der Absatz beschreibt [Gruppe 1] als **Opfer struktureller Umstände** (illegale Migration als Überlebensstrategie) und führt die Präsenz an Bord auf **systemische Kontrollschwächen** zurück, ohne die Gruppe selbst als Täter oder Bedrohung zu rahmen."
BADZ-51293039472,17,REFUG,"In Michalowo, einer Kleinstadt außerhalb der Sperrzone, lacht Bürgermeister Marek Nazarko bitter auf: ""Das sind die nächsten Millionen Steuergelder, die diese Regierung mal eben so versenkt."" Die neue Grenzanlage sei leicht zu überwinden - eine sechs bis sieben Meter hohe Leiter reiche. Der 53-Jährige, der auch schon als Landwirt, Polizist, Bauarbeiter, Dorfschulze und Jurist gearbeitet hat, lässt zwei Metallkugeln durch die Finger gleiten. ""Für eine Milliarde und sechs-hundert-tausend Zloty"", zieht er die Zahlen in die Länge, ""könnte man Hunderte Notaufnahmeunterkünfte bauen. Das hat [Andere Gruppe] seit dem Betritt zur EU 2004 nicht getan."" Sein Stellvertreter Konrad Sikora nickt: ""Jetzt im Winter kommen natürlich sehr viel weniger [Gruppe 1] über die grüne Grenze, aber das Problem ist nicht ausgestanden. Wir können doch diese Menschen, die in ihrer Heimat oft Furchtbares erlebt haben und jetzt auf den Schutz in der EU hoffen, nicht einfach zurück über die Grenze und in die Hände von Lukaschenko treiben"", meint er. 

Auf dem Besuchertisch in Sikoras Büro stehen zwei grüne, von einem Künstler gestaltete Keramiklampen. Sie symbolisieren die Bewegung des ""grünen Lichts"", die in Michalowo ihren Anfang nahm und der sich immer mehr Menschen entlang der Grenze angeschlossen haben. In jedem Haus, in dem eine grüne Lampe brennt, können [Gruppe 1] auf eine freundliche Aufnahme hoffen, auf heißen Tee und ein warmes Essen und - falls nötig - auf Kleidung und Schuhe. ""Die [Gruppe 1] haben ein Recht auf ein Asylverfahren, egal wie sie hierhergekommen sind"", sagt Sikora. 

Bürgermeister Nazarko sieht aus dem Fenster in den verschneiten Park vor dem Rathaus. ""Letztens war die Menschenrechtsbeauftragte der EU hier in Michalowo und dann auch der deutsche Botschafter. Aber beide haben nur mit den Achseln gezuckt. Sie könnten nichts tun gegen die Pushbacks (illegale Rückschiebungen der [Gruppe 1] über die Grenze - d. Red.) der polnischen Regierung."" Er dreht sich um, will schon gehen, sagt aber noch: ""Für mich war das eine große Enttäuschung: Die EU tritt die Menschenrechte mit Füßen, weil sie keine Migrationspolitik auf die Reihe kriegt. Wozu machen diese Politikerin und dieser Botschafter eigentlich ihren Job?""","```
Label: **NO_CRIME_FRAME**
Explanation: Der Absatz thematisiert ausschließlich die humanitäre Situation von [Gruppe 1] als Opfer von Pushbacks und struktureller Gewalt, ohne sie mit Kriminalität oder Sicherheitsbedrohungen zu assoziieren.
```",NO_CRIME_FRAME,"Der Absatz thematisiert ausschließlich die humanitäre Situation von [Gruppe 1] als Opfer von Pushbacks und struktureller Gewalt, ohne sie mit Kriminalität oder Sicherheitsbedrohungen zu assoziieren."
MAZ-3.00222120001648e+20,3,REFUG,"Einer der vom damaligen beharrlichen Verweigern Polens besonders betroffenen deutschen Politiker stellte sich gar vor die Kameras, um sich bei den [Andere Gruppe] zu entschuldigen. Thomas de Maizière, auf dem Höhepunkt der Flüchtlingskrise von 2015 deutscher Innenminister, erinnert sich: ""Die polnische Regierung hat damals gesagt, wir nehmen jetzt keine [Gruppe 1]. Es kann der Zeitpunkt kommen, dass [Gruppe 1] aus der Ukraine kommen, und dann werden wir sie aufnehmen."" Er habe das ""damals für eine Ausrede gehalten"", erläutert der CDU-Politiker. Und fährt fort: ""Heute muss ich Abbitte leisten: Was [Andere Gruppe] tut, ist großartig.""

Das wird auch in Brüssel so gesehen. ""Die polnische Solidarität mit [Gruppe 1] aus der Ukraine ist bemerkenswert und extrem wichtig"", sagt Grünen-Fraktionschefin Ska Keller. Die EU müsse [Andere Gruppe] unbedingt unter die Arme greifen, und zwar sowohl mit finanziellen Mitteln als auch mit einem Konzept für die Verteilung der [Gruppe 1] auf andere Mitgliedsstaaten, deren Registrierung und Unterbringung. Dann kommt jedoch ein gewichtiges Aber.

""Standhaft bleiben bei Rechtsstaatlichkeit""","```
Label: NO_CRIME_FRAME
Explanation: Der Absatz stellt [Gruppe 1] als Opfer von politischer Weigerungshaltung und [andere Gruppe] als solidarisch handelnde Unterstützer dar, ohne Kriminalität oder Sicherheitsbedrohungen zu thematisieren.
```",NO_CRIME_FRAME,"Der Absatz stellt [Gruppe 1] als Opfer von politischer Weigerungshaltung und [andere Gruppe] als solidarisch handelnde Unterstützer dar, ohne Kriminalität oder Sicherheitsbedrohungen zu thematisieren."
MAZ-2.98941680001646e+20,5,REFUG,"Von einem ""Krieg, der durch nichts zu rechtfertigen ist und den niemand für möglich gehalten hätte in Europa"", spricht Oberbürgermeister Ralf Claus (SPD) und ruft zu Mitgefühl und Solidarität mit der ukrainischen Bevölkerung auf: ""Wir können nicht viel mehr machen, als hier zusammenzukommen und an diese Menschen zu denken."" Selbstverständlich sei Ingelheim bereit, [Gruppe 1] aufzunehmen, sollte dies erforderlich sein.

Wie bei früheren Konflikten, etwa dem Irak- oder dem Kosovokrieg, sei man erneut bereit, [Gruppe 1] mit offenen Armen zu empfangen, pflichtet Engelhard dem OB bei. Dabei spiele es keine Rolle, wer der Aggressor sei. Der In-RAGE-Gründer und -Vorsitzende erinnert daran, dass in diesen Tagen auch in Russland Menschen auf die Straße gingen, um gegen Putins Angriffskrieg zu protestieren. ""Und das geschieht mit Sicherheit unter ganz anderen Bedingungen, als wir sie heute hier vorfinden.""

Es sei den Leuten ein Bedürfnis, für den Frieden zusammenzustehen und sich auszutauschen und nicht nur in Facebook-Posts ihre Betroffenheit auszudrücken, sagt Dominik Brill. Noch eine ganze Weile diskutieren die Leute auf dem Platz in kleinen Gruppen, in vielen Gesichtern ist Bestürzung zu lesen. Auf den Treppenstufen zum Rathaus werden Kerzen angezündet. Zwischen den Lichtern platziert eine Familie aus Bad Kreuznach die ukrainischen Farben Gelb und Blau. Sie seien auf Wunsch ihres 18-jährigen Au-Pairs aus Georgien hier, sagt der Mann. Durch die Ereignisse in der Ukraine fühle sie sich stark an den russischen Einmarsch in ihr Heimatland 2008 erinnert. ""Das beschäftigt sie sehr."" Die junge Frau hält sich etwas abseits und nickt.","```
Label: NO_CRIME_FRAME
Explanation: Der Absatz beschreibt [Gruppe 1] ausschließlich als Opfer von Krieg und Gewalt sowie als Gruppe, die Solidarität und Aufnahme verdient, ohne sie mit Kriminalität, Sicherheitsbedrohungen oder abweichendem Verhalten in Verbindung zu bringen.
```",NO_CRIME_FRAME,"Der Absatz beschreibt [Gruppe 1] ausschließlich als Opfer von Krieg und Gewalt sowie als Gruppe, die Solidarität und Aufnahme verdient, ohne sie mit Kriminalität, Sicherheitsbedrohungen oder abweichendem Verhalten in Verbindung zu bringen."
MAZ-3.05436170001657e+20,1,REFUG,"

Für Singer-Songwriter Clueso hat der Krieg Russlands gegen die Ukraine den Blick auf politische Realitäten geschärft. ""Die Peace-Flagge reicht heute nicht mehr aus. Das ist mir zu wenig"", sagte der 42-Jährige. Er sei durch das Geschehen emotional berührt. Er selbst habe in seiner Erfurter Wohnung eine aus der Ukraine [Gruppe 1] Mutter mit ihren Kindern aufgenommen, erzählt Clueso.

Mit Lederjacke, kurzer Jeans und Stiefeln hat sich die finnische Ministerpräsidentin Sanna Marin (36) auf einem Rockfestival gezeigt. Im Netz gab es am Sonntag breites Lob für die ""coolste Regierungschefin Europas"". ""Legende"", kommentierte etwa ein Nutzer, ""so cool"" eine andere Userin. Die finnische Politikerin ist für ihre Vorliebe für Rockmusik bekannt.","```
Label: **NO_CRIME_FRAME**
Explanation: Der Absatz beschreibt [Gruppe 1] ausschließlich als **Opfer** (Flüchtlingsmutter aus der Ukraine) und stellt keine Verbindung zu Kriminalität, Sicherheitsbedrohungen oder abweichendem Verhalten her.
```",NO_CRIME_FRAME,"Der Absatz beschreibt [Gruppe 1] ausschließlich als **Opfer** (Flüchtlingsmutter aus der Ukraine) und stellt keine Verbindung zu Kriminalität, Sicherheitsbedrohungen oder abweichendem Verhalten her."
BADZ-51292547155,1,SYR,"

Freiburg/Lörrach (hirt). Nach vier Verhandlungstagen ist der Prozess um das Lörracher Tötungsdelikt beendet. Ein 22-Jähriger [Gruppe 1] wird in der Psychiatrie untergebracht, weil er im Zustand der Schuldunfähigkeit einen 38-jährigen Mann erstochen hat. Das Urteil, das die Schwurgerichtskammer des Landgerichts Freiburg am Freitag verkündete, ist keine Überraschung. 

Der Prozess wurde als Sicherungsverfahren geführt, die Staatsanwaltschaft ging nach der Tat davon aus, dass der 22-Jährige aufgrund einer psychiatrischen Krankheit nicht zu einer Haftstrafe verurteilt werden kann. Ein psychiatrischer Sachverständiger diagnostizierte in seinem Gutachten eine paranoide Schizophrenie. Er sprach sich wie auch der Staatsanwalt und die Verteidigerin in ihren Plädoyers für eine Unterbringung in einer psychiatrischen Klinik aus.","Label: **NO_CRIME_FRAME**
Explanation: Der Absatz beschreibt [Gruppe 1] als Opfer einer psychischen Erkrankung und Täter eines Tötungsdelikts im Zustand der Schuldunfähigkeit, ohne die Gruppe als bedrohlich oder abweichend im Sinne des Rahmens darzustellen.",NO_CRIME_FRAME,"Der Absatz beschreibt [Gruppe 1] als Opfer einer psychischen Erkrankung und Täter eines Tötungsdelikts im Zustand der Schuldunfähigkeit, ohne die Gruppe als bedrohlich oder abweichend im Sinne des Rahmens darzustellen."
MAZ-3.00348900001648e+20,4,REFUG,"Bislang 2751 [Gruppe 1]  im Land registriert

Ann Kristin Pfeifer, Sprecherin des Integrationsministeriums, erklärte, wie es dazu kam, dass das Land sich direkt zur Aufnahme bereit erklärt hat: ""Außenministerin Annalena Baerbock hatte bei einem Besuch im Grenzgebiet zwischen Moldau und der Ukraine angekündigt, dass Deutschland in einem ersten Schritt 2500 ukrainische [Gruppe 1] ausfliegen wolle. Integrationsministerin Katharina Binz (Grüne Anm. d. Red.) hat durch den direkten Kontakt zu Annalena Baerbock sich sofort bereit erklärt, bis zu 200 ukrainische [Gruppe 1] aus Moldau aufzunehmen. Wir in Rheinland-Pfalz sind solidarisch mit den Menschen in der Ukraine und in Moldau. Die Menschen in Moldau haben durch die große Aufnahmebereitschaft Unglaubliches geleistet und sollen nun etwas entlastet werden. Für uns ist es selbstverständlich, dass wir als [Andere Gruppe] und [Andere Gruppe] die Anrainerstaaten der Ukraine unterstützen bei der Aufnahme von Kriegsgeflüchteten."" Bundesinnenministerin Faeser hatte vorab erklärt, die Behörden in Moldau hätten Listen mit den [Gruppe 1] zusammengestellt und die deutschen Behörden würden überprüfen, wer ins Land komme.

In den vergangenen Wochen erreichten etwa 330 000 Kriegsflüchtlinge die kleine Republik Moldau - das von der Größe etwa der Fläche von Nordrhein-Westfalen entspricht. Angesichts der verhältnismäßig kleinen Einwohnerzahl von 2,6 Millionen stellt es eine große Herausforderung dar, die aus der Ukraine [Gruppe 1] Menschen zu versorgen und unterzubringen.","```
Label: NO_CRIME_FRAME
Explanation: Der Absatz beschreibt die [Gruppe 1] ausschließlich als Kriegsflüchtlinge und Opfer der Ukraine-Krise, ohne sie mit Kriminalität, Sicherheitsbedrohungen oder abweichendem Verhalten in Verbindung zu bringen.
```",NO_CRIME_FRAME,"Der Absatz beschreibt die [Gruppe 1] ausschließlich als Kriegsflüchtlinge und Opfer der Ukraine-Krise, ohne sie mit Kriminalität, Sicherheitsbedrohungen oder abweichendem Verhalten in Verbindung zu bringen."
MAZ-3.10097360001666e+20,8,ASYL,"In Rheinland-Pfalz ist die Situation ähnlich. Derzeit seien die Aufnahmeeinrichtungen für Asylbegehrende (AfA) im Schnitt zu 85 Prozent belegt, teilt das Integrationsministerium mit. Darüber hinaus verfüge das Land über Puffer-Kapazitäten, die sich aktuell im Stand-by-Betrieb befinden, berichtet eine Sprecherin.

Auch in Rheinland-Pfalz gibt es mehr Asylbegehren. Im ersten Halbjahr kamen durchschnittlich 735 Menschen pro Monat in den Erstaufnahmeeinrichtungen an. Im September waren es 1217. Insgesamt wurden in diesem Jahr bereits 7326 [Gruppe 1] aufgenommen. Rechne man die aktuelle Zahl bis zum Jahresende hoch, werde die Marke von 10.000 und damit der bisherige Höchststand aus dem Jahr 2016 überschritten, so Integrationsministerin Katharina Binz (Grüne) am Montag.

Die meisten Menschen, die 2022 Rheinland-Pfalz erreichten, stammen aus Syrien (29 Prozent). Es folgen die Herkunftsländer Afghanistan (14 Prozent) und Türkei (11 Prozent). [Andere Gruppe] werden separat erfasst. Ihre Zahl lag zuletzt bei 43.642 Menschen.","Label: **NO_CRIME_FRAME**
Explanation: Der Absatz thematisiert ausschließlich die Anzahl und Herkunft von Asylsuchenden sowie die Kapazitäten der Aufnahmeeinrichtungen, ohne Kriminalität, Sicherheitsbedrohungen oder abweichendes Verhalten zu erwähnen.",NO_CRIME_FRAME,"Der Absatz thematisiert ausschließlich die Anzahl und Herkunft von Asylsuchenden sowie die Kapazitäten der Aufnahmeeinrichtungen, ohne Kriminalität, Sicherheitsbedrohungen oder abweichendes Verhalten zu erwähnen."
BADZ-51299690428,2,MIGR,"Zu: ""Englisch als Amtssprache in den Behörden?"" Agenturbeitrag (Politik, 5. Juli)

Nun möchte die FDP Englisch als zweite Amtssprache einführen. Das ist ein fundamentaler Eingriff in die Rechtsstruktur des Staates, da die englische und die deutsche Sprache in der Übersetzung nicht überall deckungsgleich sind. Das spielt zum Beispiel in der Literatur kaum eine Rolle, da hier freie Übersetzungen möglich sind. In den Naturwissenschaften kann man oft auf lateinische Fachbegriffe zurückgreifen. Im juristischen Bereich könnte es jedoch zu Rechtsverschränkungen kommen, das bedeutet bei zwei Amtssprachen wären unterschiedliche Rechtsauslegungen möglich. Die FDP begründet ihren Schritt ausschließlich mit Zuwanderungsfragen. Das könnte wohl wieder einmal ein sonst so viel gescholtener deutscher Sonderweg sein. Aus dem Elysee-Palast in Frankreich zum Beispiel ist bisher nicht zu vernehmen, dass außer Französisch nun auch Englisch als zweite Amtssprache eingesetzt wird. Auch haben die [Andere Gruppe] offenbar nicht vor, Französisch als zweite Amtssprache einzuführen, um französisch sprechenden [Gruppe 1] entgegenzukommen. Auch aus anderen Staaten ist nichts dergleichen bekannt. Um die Bürokratie nicht zu überfordern, Rechtsverbindlichkeit zu gewährleisten und Einwanderung zu beschleunigen, muss die FDP wohl ihre Doppeldeutigkeit aufgeben und Nägel mit Köpfen machen. Ihre Forderung müsste dann lauten, Englisch als offizielle Amtssprache einzuführen und Deutsch als unverbindliche Zweitsprache insbesondere für den ländlichen Raum beizubehalten. Roland Grassl, Bühl

","```
Label: **NO_CRIME_FRAME**
Explanation: Der Absatz thematisiert ausschließlich die politische Forderung nach Englisch als Amtssprache im Kontext von Zuwanderung und Bürokratie, ohne [Gruppe 1] oder [andere Gruppe] mit Kriminalität, Sicherheitsbedrohungen oder abweichendem Verhalten zu verknüpfen.
```",NO_CRIME_FRAME,"Der Absatz thematisiert ausschließlich die politische Forderung nach Englisch als Amtssprache im Kontext von Zuwanderung und Bürokratie, ohne [Gruppe 1] oder [andere Gruppe] mit Kriminalität, Sicherheitsbedrohungen oder abweichendem Verhalten zu verknüpfen."
MAZ-3.06056700001659e+20,1,REFUG,"

INGELHEIM. Die Schüler der Albert-Schweitzer-Schule haben ihre gesammelten Spenden in Höhe von 425,50 Euro an den Verein ""Nicht reden. Machen!"" überreicht. Der Bodenheimer Verein wurde von Sven Hieronymus, in der Region bekannter Comedian und Radiomoderator, gegründet und setzt sich für die Unterstützung der Ukraine und Hilfe für deren [Gruppe 1] ein.

Unter anderem im Rahmen einer Autoputzaktion der Klasse 8/9 wurden an der Schule seit Anfang Juni Spenden für die Ukraine eingenommen (wir berichteten). Alle Klassen haben sich an der Spendenaktion beteiligt. Neben Sachspenden haben die Kinder und Jugendlichen auch Geld gesammelt, indem sie in der Schule gemeinsam Essen zubereitet und an Mitschüler und Lehrer verkauft haben.","Label: **NO_CRIME_FRAME**
Explanation: Der Absatz beschreibt **[Gruppe 1]** ausschließlich als Opfer von Konflikten und Empfänger von humanitärer Hilfe, ohne sie mit Kriminalität oder Sicherheitsbedrohungen in Verbindung zu bringen.",NO_CRIME_FRAME,"Der Absatz beschreibt **[Gruppe 1]** ausschließlich als Opfer von Konflikten und Empfänger von humanitärer Hilfe, ohne sie mit Kriminalität oder Sicherheitsbedrohungen in Verbindung zu bringen."
BADZ-51302431572,2,REFUG,"Das vielstimmige Porträt einer Gastarbeiterfamilie und zwei Frauenschicksale. Ein Schelmenroman über einen Schriftsteller und eine philosophische Komödie über einen Maler. Eine nicht-binäre Person auf der Suche nach einer eigenen Sprache: Die Shortlist für den Deutschen Buchpreis ist in diesem Jahr besonders bunt. Die sechs Titel hätten die Jury in ihrer ästhetischen Eigenheit überzeugt, sagte Jurysprecherin Miriam Zeh am Dienstag in Frankfurt. ""Gemeinsam ist ihnen: eine künstlerische Unbedingtheit.""

Fatma Aydemir kommt mit ""Dschinns"" (BZ vom 26. 4.), der aus den Perspektiven der einzelnen Mitglieder erzählten Geschichte einer türkischen Gastarbeiterfamilie, auf die Liste. Das Buch behandele einen Teil der jüngeren deutschen Geschichte, ""der bisher kaum in der Literatur zu finden ist"", so die Jury. ""Nebenan"" von Kristine Bilkau (Luchterhand) dreht sich um zwei Frauen in der Provinz mit gegensätzlichen Lebensentwürfen. ""Meisterhaft"" zeige der ""subtil erzählte"" Roman, ""welche Abgründe in einem scheinbar alltäglichen Leben lauern"". Daniela Dröscher erzählt in ""Lügen über meine Mutter"" (Kiepenheuer & Witsch, am 1.12. im Freiburger Literaturhaus) aus Kinderperspektive der vom Leben enttäuschten Tochter schlesischer [Gruppe 1]. Eine ""literarische Mikrosoziologie"" nennt die Jury das Buch. 

Jan Faktor beschreibt in ""Trottel"" (Kiepenheuer & Witsch) den Weg eines Außenseiters im sozialistischen Prag zum Schriftsteller in Berlin. Das Buch sei ""ein provokanter, bisweilen verstörender Schelmenroman"". Eckhart Nickels ""Spitzweg"" (Piper) erzählt von einer Schülerfreundschaft, einer Dreiecksbeziehung und einem Gemäldediebstahl. ""Eine meisterhafte Reflexion über die Beziehung von Kunst und Leben"", findet die Jury, temporeich und komödiantisch. Kim de l'Horizons Hauptfigur in ""Blutbuch"" (Dumont) fühlt sich weder ausschließlich männlich noch weiblich. Als die Großmutter ihre Dominanz an die Demenz verliert, beginnt Kim eine eigene Sprache zu bilden. Für die Jury ein ""Roman, der berührt und bewegt.""","```
Label: NO_CRIME_FRAME
Explanation: Der Absatz erwähnt [Gruppe 1] (schlesische Herkunft) ausschließlich als biografischen Kontext einer Protagonistin ohne Bezug zu Kriminalität oder Sicherheitsbedrohungen.
```",NO_CRIME_FRAME,Der Absatz erwähnt [Gruppe 1] (schlesische Herkunft) ausschließlich als biografischen Kontext einer Protagonistin ohne Bezug zu Kriminalität oder Sicherheitsbedrohungen.
BADZ-51296157582,2,REFUG,"Von Simone Lutz

FREIBURG/LVIV. Am Montagmorgen schlugen in Freiburgs ukrainischer Partnerstadt Lviv Raketen ein. Nach Angaben von Bürgermeister Andrij Sadovyi hat es bei russischen Luftangriffen fünf Treffer gegeben, sieben Menschen seien dabei getötet, elf weitere verletzt worden, darunter ein Kind. Die Tagesschau meldete am Montag, bei den Angriffen sei unter anderem Bahninfrastruktur beschädigt worden. Laut dem Bürgermeister sei mindestens ein ziviles Objekt, ein Reifenservice, getroffen worden. Zudem sollen durch die Druckwelle die Fensterscheiben eines Hotels in der Nähe zerstört worden sein, wo [Gruppe 1] Menschen leben, so die Tagesschau.

Die Freiburger Stadtverwaltung sei in ständigem Austausch mit der Stadtverwaltung von Lviv, sagte am Dienstag Nicole Horstkötter, Sprecherin von Oberbürgermeister Martin Horn. Es herrsche große Fassungslosigkeit und Wut über die neuen Angriffe, man habe aber keine weiteren Informationen. Doch sei am Dienstag eine Mail von Andrij Sadovyi im Freiburger Rathaus eingegangen mit der Bitte um Hilfen. Lviv beherbergt nach Angaben Sadovyis zur Zeit um die 200000 [Gruppe 1] aus den umkämpften Gebieten. Diese Menschen müssten für einen längeren Zeitraum untergebracht werden - und es werden noch mehr erwartet. ""Lviv braucht jeden Euro an Spenden und alle fachliche und finanzielle Unterstützung, die es kriegen kann"", so Horstkötter. ","```
Label: NO_CRIME_FRAME
Explanation: Der Absatz beschreibt [Gruppe 1] ausschließlich als Opfer von Kriegsgewalt und als Schutzbedürftige, ohne sie mit Kriminalität, Sicherheitsbedrohungen oder abweichendem Verhalten in Verbindung zu bringen.
```",NO_CRIME_FRAME,"Der Absatz beschreibt [Gruppe 1] ausschließlich als Opfer von Kriegsgewalt und als Schutzbedürftige, ohne sie mit Kriminalität, Sicherheitsbedrohungen oder abweichendem Verhalten in Verbindung zu bringen."
BADZ-51301931880,4,REFUG,"Wie ist die Lage? 

""Es hat sich bei mir ehrlicherweise an den Sorgenfalten nicht sehr viel geändert"", sagte die baden-württembergische Kultusministerin Theresa Schopper (Grüne). Sie sprach von drei großen Herausforderungen: Lehrermangel, Corona-Pandemie und die steigende Zahl junger [Gruppe 1], vor allem aus der Ukraine.

Wie schlimm ist der Lehrermangel? ","Label: **NO_CRIME_FRAME**
Explanation: Der Absatz erwähnt [Gruppe 1] ausschließlich im Kontext von Migration (Ukraine-Flüchtlinge) ohne Bezug zu Kriminalität, Sicherheitsbedrohungen oder abweichendem Verhalten.",NO_CRIME_FRAME,"Der Absatz erwähnt [Gruppe 1] ausschließlich im Kontext von Migration (Ukraine-Flüchtlinge) ohne Bezug zu Kriminalität, Sicherheitsbedrohungen oder abweichendem Verhalten."
MAZ-2.99346680001647e+20,2,REFUG,"Sie wollen eigentlich gar nicht nach Westeuropa kommen. Das hört, wer mit den Menschen redet, die sich stündlich zu Tausenden über die ukrainischen Grenzübergänge retten. Das lässt sich eindrucksvoll an den Zahlen ablesen: Über eine Million [Gruppe 1] schon in [Andere Gruppe] - ein paar tausend bisher in Deutschland. Und doch müssen sich auch die westlichen Länder Europas schnellstens für den größten Flüchtlingsstrom wappnen, den die Welt seit Ende des Zweiten Weltkriegs gesehen hat. Weil [Andere Gruppe], Rumänien und die Slowakei - die schon jetzt Unglaubliches leisten - sehr bald an die Grenzen des Leistbaren stoßen. Weil etwa Moldawien nicht im Ansatz in der Lage ist, Ähnliches auf die Beine zu stellen. Und weil die [Andere Gruppe], die mit ihren Kindern dem gezielten Bombardement ihrer Städte entfliehen, in wenigen Wochen erkennen werden: Sie brauchen für längere Zeit einen sicheren Hafen - egal wie weit weg dieser von ihren Männern und Eltern entfernt liegt, die sich nicht in Sicherheit bringen können oder wollen.

Was für eine Tragödie, die weniger Tragödie als gezieltes Kriegsverbrechen ist. Ein Verbrechen, dessen Muster wir im tschetschenischen Grosny und im syrischen Aleppo nicht recht erkennen wollten: Die gezielte Entvölkerung eines widerständigen Landes, die wir in Europa zudem nicht für denkbar hielten. In der Ukraine kommt noch die Gefahr eines schmutzigen ""Atomunfalls"" hinzu, der auch noch die Landbevölkerung vertreiben könnte. Wer angesichts dieser Katastrophe Debatten über [Gruppe 1] erster oder zweiter Klasse anzettelt, dem ist nicht mehr zu helfen. Vor allem denen nicht, die mit dieser Debatte ihr vermeintliches Gerechtigkeitssüppchen kochen wollen. Alle Kraft muss jetzt darauf gerichtet sein, den [Gruppe 1] zu helfen und sich auch in Deutschland für die Versorgung von Hunderttausenden, möglicherweise ein oder zwei Millionen zu wappnen. Die rechtlichen Voraussetzungen - keine Asylverfahren, sofortige Aufenthalts- und Arbeitserlaubnis, Krankenversicherungsschutz - scheinen weitgehend geebnet. Wie unvorbereitet sich Bund, Länder und auch die Kommunen noch zeigen, ist dagegen erschreckend. Der Stoßseufzer ""Wir haben doch gerade erst die Corona-Krise bewältigen müssen"", hilft jetzt nicht weiter. Im Kontrast zu dieser behördlichen Bräsigkeit scheint die Hilfsbereitschaft der Bürger zu stehen. Es sind mitnichten nur ukrainische Landsleute, die bereitstehen, Flüchtlingsfamilien auch privat aufzunehmen. Aber machen wir uns nichts vor: Diese Willkommenskultur muss zwingend länger anhalten als die vergangene.

","```
Label: **NO_CRIME_FRAME**
Explanation: Der Absatz beschreibt **[Gruppe 1]** ausschließlich als Opfer von Kriegsverbrechen und humanitärer Notlage, ohne sie mit Kriminalität, Sicherheitsbedrohungen oder abweichendem Verhalten zu assoziieren.
```",NO_CRIME_FRAME,"Der Absatz beschreibt **[Gruppe 1]** ausschließlich als Opfer von Kriegsverbrechen und humanitärer Notlage, ohne sie mit Kriminalität, Sicherheitsbedrohungen oder abweichendem Verhalten zu assoziieren."
BADZ-51308145580,4,REFUG,"Kaum zwei Jahrzehnte liegen zwischen der systematischen Zerstörung europäischer Stadtkultur im ehemaligen Habsburgerreich und dem Untergang von Smyrna, der legendären Hafenstadt des Osmanischen Reichs, deren Ende ebenfalls mit dem Ausgang des Ersten Weltkriegs besiegelt war. Vor 100 Jahren, vom 12. bis zum 14. September 1922, ging der größte Teil von Smyrna, das griechische und das armenische Viertel, in Flammen auf. Türkische Besatzungstruppen, die die Stadt im griechisch-türkischen Krieg kampflos eingenommen hatten, hatten das sich zum Hafen hin rasend ausbreitende Feuer gelegt, auch wenn die türkische Geschichtsschreibung das Verbrechen - wie den Genozid an den [Andere Gruppe] - bis heute leugnet. 

Das Kapitel, in dem der Autor die dramatische Situation in Smyrna beschreibt, liest man nicht ohne Erschütterung. Nach Massakern, die wahllos an Zivilisten verübt wurden, flohen Zehntausende vor den Flammen an den Hafen, wo sie auf engstem Raum zusammengedrängt auf Rettung hofften. In der Bucht ankerten Schiffe der Alliierten aus dem Ersten Weltkrieg: [Andere Gruppe], [Andere Gruppe], [Andere Gruppe]. Allein: Sie taten nichts. Man wollte es sich mit den [Andere Gruppe] um Mustafa Kemal alias Atatürk nicht verderben. Gegen das Geschrei der Menschen in Todesangst setzten sie Blasmusik an Bord ein. Es war ein Einzelner, ein amerikanischer Pastor, der die Situation nicht mehr ertrug und handelte. Seiner Tollkühnheit, die sich über menschenverachtende staatliche Raison hinwegsetzte, verdankten Tausende von [Gruppe 1] ihr Leben. 

Wenn das System versagt, bleibt nur das Handeln Einzelner: Nicht nur solcher Erkenntnisse wegen kommt einem Klevemans Buch beim Lesen sehr nahe. Der Verlust von multikultureller, kosmopolitischer Toleranz und Offenheit, die in Städten wie Lemberg, Smyrna, Sarajewo oder Odessa ein Miteinander unterschiedlicher Ethnien und Religionsgemeinschaften möglich machte, wiegt heute schwerer denn je. ","```
Label: NO_CRIME_FRAME
Explanation: Der Absatz beschreibt [Gruppe 1] und [andere Gruppe] ausschließlich als Opfer von Gewalt und Vertreibung, ohne sie mit Kriminalität, Sicherheitsbedrohungen oder abweichendem Verhalten in Verbindung zu bringen.
```",NO_CRIME_FRAME,"Der Absatz beschreibt [Gruppe 1] und [andere Gruppe] ausschließlich als Opfer von Gewalt und Vertreibung, ohne sie mit Kriminalität, Sicherheitsbedrohungen oder abweichendem Verhalten in Verbindung zu bringen."
MAZ-3.00227550001648e+20,3,REFUG,"Aufklärungsbögen  auf Ukrainisch

""Die [Gruppe 1] stehen dem Impfangebot offen gegenüber"", sagt Martin Becker, Leiter des Impfzentrums. Das zeige ihren Willen, sich zu integrieren - schließlich seien ohne Impfung Einschränkungen im täglichen Leben zu erwarten. Vor Ort liegen Aufklärungsbögen auf Ukrainisch bereit. Für Rückfragen bittet die Kreisverwaltung jedoch darum, eine Begleitperson als Übersetzungshilfe mitzubringen.

Rund 20 ukrainische [Gruppe 1] haben sich nach Kreis-Angaben bislang im Impfzentrum impfen lassen. Generell läuft der Betrieb dort auf Sparflamme: Täglich werden noch rund 50 Auffrischungsimpfungen verabreicht sowie je eine Handvoll Erst- und Zweitimpfungen. Ob das Impfzentrum über den 30. April hinaus weiterbetrieben wird, ist noch nicht entschieden. Unklar ist damit auch, ob die Räumlichkeiten des Impfzentrums im Bedarfsfall wieder als Aufnahmeeinrichtung für Asylbegehrende (AfA) genutzt werden könnte. Darüber müsste das Land Rheinland-Pfalz entscheiden, dem die Liegenschaft gehört.","```
Label: NO_CRIME_FRAME
Explanation: Der Absatz thematisiert ausschließlich die Impfbereitschaft und Integration der [Gruppe 1] sowie organisatorische Fragen zu Impfzentren und Asylunterkünften, ohne Kriminalität, Sicherheitsbedrohungen oder abweichendes Verhalten zu erwähnen.
```",NO_CRIME_FRAME,"Der Absatz thematisiert ausschließlich die Impfbereitschaft und Integration der [Gruppe 1] sowie organisatorische Fragen zu Impfzentren und Asylunterkünften, ohne Kriminalität, Sicherheitsbedrohungen oder abweichendes Verhalten zu erwähnen."
BADZ-51294047748,14,REFUG,"Mehrmals klingelt das Handy einer der beiden Frauen. Dann zeigt eine der beiden auf einen grünen Laster, der sich vor Yaremchuks Auto in Richtung Lviv bewegt. ""Sie sind genau dahinter"", sagt sie. Die beiden Frauen steigen aus, zum Abschied sagen sie ""Slava Ukraini"" - ""Hoch lebe die Ukraine"".

Yaremchuk ruft seine Schwester an. Die Gespräche sind untermalt vom Hupkonzert und vom Schimpfen und Jammern von allen Seiten. ""Es hat keinen Sinn, von Ternopil zum Grenzübergang bei Lviv zurückzufahren. Bei dem Stau kommen wir nie durch nach [Andere Gruppe]"", sagt er. Er überlegt sich deshalb einen neuen Plan. Yaremchuk wird seine Familie in Ternopil abholen und dann versuchen, sich zur slowakisch-ukrainischen Grenze durchzuschlagen. Er informiert auch Freunde in Berlin über die Planänderung. Die warten auf sein Startsignal, um ebenfalls an die ukrainische Grenze zu fahren. Dort wollen sie [Gruppe 1] mitnehmen und nach Berlin fahren. 15 Berliner Freunde seien bereit, [Andere Gruppe] bei sich aufzunehmen. Nun ist der Treffpunkt ein Grenzübergang in der Slowakei.

Die Wege trennen sich mit einer festen Umarmung in der Altstadt von Lviv. Das Stadtzentrum des alten Lemberg wirkt wie aus der Zeit gefallen. Modeboutiquen reihen sich im Schatten der Kirchtürme auf den gepflasterten Straßen an Cafés und Kneipen. Patisserien werben mit der berühmten Lviver Schokolade. Nur hat fast alles geschlossen. Die Menschen hasten stumm durch die prächtigen Straßen. Es scheint kaum möglich, in der Stadt ein freies Hotelzimmer zu finden. Im Mister-Hostel an der Bankivska-Straße klappt es dann doch. Es befindet sich in einem alten Gebäude, die Rezeptionistin ist eine Hoodie-Trägerin. Über die Flure schlurfen [Gruppe 1] aus Kiew. Hinter den Zimmertüren ist Schluchzen zu hören. ","```
Label: NO_CRIME_FRAME
Explanation: Der Absatz beschreibt [Gruppe 1] und [andere Gruppe] ausschließlich als Opfer der Kriegs- und Fluchtlage sowie als Hilfesuchende, ohne sie mit Kriminalität, Sicherheitsbedrohungen oder abweichendem Verhalten in Verbindung zu bringen.
```",NO_CRIME_FRAME,"Der Absatz beschreibt [Gruppe 1] und [andere Gruppe] ausschließlich als Opfer der Kriegs- und Fluchtlage sowie als Hilfesuchende, ohne sie mit Kriminalität, Sicherheitsbedrohungen oder abweichendem Verhalten in Verbindung zu bringen."
MAZ-2.99064390001646e+20,6,REFUG,"Nies erklärt, er habe keine genaue Vorstellung, wie viele Flüchtende im Landkreis Schutz suchen werden, aber schätzt, dass es weniger sein könnten als 2015, als der Landkreis zuletzt vor der Herausforderung stand, vielen Menschen gleichzeitig eine menschenwürdige Unterkunft zu stellen. ""Das wird eine Herkulesaufgabe, bei der wir nicht rein nach der Lehre arbeiten dürfen"", sagt Nies. Wichtig sei, erst mal zu helfen. Dann ließen sich die genauen rechtlichen Fragen später klären.

Und der Wohnraum? Die Kreisverwaltung ist bereits auf der Suche (siehe Infokasten). Derzeit führt Nies eine Liste mit Unterkünften, allerdings seien dies nur kurzfristige Angebote. Zum Beispiel seien derzeit fünf [Gruppe 1] in einem Hotel untergebracht. Ziel sei es immer, anschließend den Menschen eine reguläre Wohnung anzubieten. Wer wie untergebracht wird, wäre immer eine Einzelfallentscheidung. Man müsse abwarten, wie sich die [Gruppe 1] zusammensetzen. Ob es Einzelpersonen sind, Familien oder möglicherweise in erster Linie Frauen, da Männer zwischen 18 und 60 derzeit nicht aus der Ukraine ausreisen dürften, weil sie das Land verteidigen müssten.

Bei einem Treffen mit seinen SPD-Parteikollegen und Landtagsabgeordneten Michael Simon und Markus Stein erklärten die Sozialdemokraten, dass neben Notunterkünften wie in Windesheim vor allem privater zur Verfügung gestellter Wohnraum helfen kann. ""Sollten Sie also Wohn-Räumlichkeiten zur Verfügung haben und möchten diese zur Verfügung stellen, scheuen Sie sich nicht, bei der Kreisverwaltung Bad Kreuznach entsprechende Meldungen abzugeben.""","Label: **NO_CRIME_FRAME**
Explanation: Der Absatz thematisiert ausschließlich die Unterbringung und Unterstützung von [Gruppe 1] als Opfer von Flucht und Krieg, ohne Kriminalität oder Sicherheitsbedrohungen zu assoziieren.",NO_CRIME_FRAME,"Der Absatz thematisiert ausschließlich die Unterbringung und Unterstützung von [Gruppe 1] als Opfer von Flucht und Krieg, ohne Kriminalität oder Sicherheitsbedrohungen zu assoziieren."
BADZ-51303024570,11,REFUG,"Gastgeber Bad Krozingen""Wir können uns hier nicht vorstellen, wie ihr euch im Krieg fühlt"", begrüßte Bürgermeister Volker Kieber die per Bus weit angereisten Gäste. Schon eine lange bewährte Tradition sei im September ein Auftritt von Tschervona Ruta in Bad Krozingen. ""Kultur gibt Halt und macht Mut. Davon können wir uns in Deutschland einiges abschauen"", meint das Gemeindeoberhaupt. Viele Jahre gebe es auch schon eine enge Verbindung der Gemeinde zur Renate-Merkle-Stiftung, so Kieber. 

Nach Kriegsbeginn habe sich das intensiviert, man sei sich hier sicher, dass die Hilfsgelder auch vor Ort ankämen. Der Verein ""Verbindungen international"" kümmere sich zudem um die Gruppe und organisiere ein buntes Rahmenprogramm. In Bad Krozingen selber lebten 253 aus der Ukraine [Gruppe 1] Menschen, informierte der Bürgermeister, die meisten Kinder gingen in den Kindergarten oder die Schule, die Volkshochschule biete Deutsch-Kurse an und einige [Andere Gruppe] hätten feste Arbeitsplätze.

Tschervona Ruta","```
Label: NO_CRIME_FRAME
Explanation: Der Absatz beschreibt [Gruppe 1] (Ukrainer:innen) und [andere Gruppe] ausschließlich als Geflüchtete, die Unterstützung erhalten, integriert werden (Schule, Arbeit, Deutschkurse) und als Opfer des Krieges, ohne sie mit Kriminalität oder Sicherheitsbedrohungen in Verbindung zu bringen.
```",NO_CRIME_FRAME,"Der Absatz beschreibt [Gruppe 1] (Ukrainer:innen) und [andere Gruppe] ausschließlich als Geflüchtete, die Unterstützung erhalten, integriert werden (Schule, Arbeit, Deutschkurse) und als Opfer des Krieges, ohne sie mit Kriminalität oder Sicherheitsbedrohungen in Verbindung zu bringen."
KN-doc7n1qzjcifapbter260m,33,MIGR,"Gabriele Zull,             parteilose Oberbürgermeisterin  von Fellbach

Aufgegriffen im Wald: Serbische Polizisten nehmen rund 200 [Gruppe 1] sowie Schleuser in einem Lager nahe der Grenze zu [Andere Gruppe] fest.

Foto: Serbian Ministry of Interior/ap ","Label: **CRIME_FRAME**
Explanation: Der Absatz beschreibt **[Gruppe 1]** explizit als Festgenommene in einem Kontext von Schleusung und illegaler Migration, was eine direkte Assoziation mit kriminellem Verhalten (Schleusung) und abweichendem Verhalten (illegale Grenzübertritte) impliziert.",CRIME_FRAME,"Der Absatz beschreibt **[Gruppe 1]** explizit als Festgenommene in einem Kontext von Schleusung und illegaler Migration, was eine direkte Assoziation mit kriminellem Verhalten (Schleusung) und abweichendem Verhalten (illegale Grenzübertritte) impliziert."
LVZ-doc7lnvtlq27x264sik9tp,5,MIGR,"Die in einem Rundgang zu sehenden Werke treten in einen Dialog mit Arbeiten, die an herausziehbaren offenen Depotwänden in der Mitte gezeigt werden. Unter Aufsicht können Besucher da etwa Bilder von Daniel Richter, Neo Rauch, Norbert Bisky oder ein 3,70 Meter hohes Gemälde von David O' Kane hervorholen.

Die Eröffnungsausstellung des Schaulagers - am Sonntag ist sie von 11 bis 17 Uhr geöffnet - hat der Kunsthistoriker Leo Wedepohl kuratiert. Er ist als Direktor Nachfolger von Anka Ziefer, die seit Mai in München  für eine Galerie arbeitet. Geschickt hat Wedepohl Kontraste und Verbindungen geschaffen, dabei den Raum nicht zugehängt, sondern mitgedacht. Etwa mit Ulf Puders hochformatiger menschengemachter Bedrohungslandschaft, in der ein winziger Kanute gegen die "" Brandung""  (so heißt das Bild) kämpft. Oder mit dem auf gefundener Pappe mit Filzstift gemalten "" Papillon Monarque""  der [Andere Gruppe] Andrea Bowers, in den sie die Worte "" Education not Deportation""  (Erziehung, nicht Deportation) eingearbeitet hat. Der Monarchfalter, der in Amerika auf seinen Wanderungen bis zu 3600 Kilometer zurücklegt, ist selbst ein [Gruppe 1].

Grell ist der Auftakt - mit einem Leuchtkasten von Erik Swars, in dem ein Feuer auflodert und das Foto eines barbusigen Pin-Up-Girls in Asche zu verwandeln droht. Das hier kritisierte Spiel mit Aufmerksamkeit wird in der Ausstellung selbst konterkariert - durch weitere, reduzierte monochrome Arbeiten von Swars, die einen ganz anderen Blick verlangen. Vier Arbeiten von Neo Rauch - von 1992, 1994, 1995 und 2001 -  lassen Entwicklungen des Künstlers erahnen.","```
Label: NO_CRIME_FRAME
Explanation: Der Absatz erwähnt [Gruppe 1] (als Symbol für Migration, z. B. Monarchfalter) und [andere Gruppe] (Künstlerin Andrea Bowers) ausschließlich im Kontext von Kunst, politischer Aktivismus-Kunst und ökologischen Metaphern, ohne jede Assoziation mit Kriminalität oder Sicherheitsbedrohungen.
```",NO_CRIME_FRAME,"Der Absatz erwähnt [Gruppe 1] (als Symbol für Migration, z. B. Monarchfalter) und [andere Gruppe] (Künstlerin Andrea Bowers) ausschließlich im Kontext von Kunst, politischer Aktivismus-Kunst und ökologischen Metaphern, ohne jede Assoziation mit Kriminalität oder Sicherheitsbedrohungen."
BADZ-51308545363,8,REFUG,"Die Stimmung im Gemeindehaus ist ausgelassen, an den liebevoll gedeckten Tischen mit gelb-roten Blumensträußen wird geplaudert und gescherzt. Es wird erst still, als das Johann-Strauß-Ensemble Bad Krozingen anfängt zu musizieren. Umrahmt von der Melodie der Blauen Donau wird weiter gespeist, nach und nach leeren sich Teller und das Buffet. ""Es ist schön, zum Essen zusammen zu kommen. Noch besser ist es, wenn man dabei noch bildungsmäßig was erlernen darf"", erzählt Initiator Leonhard Siegwolf. Deswegen organisiert er für die Mittagstische eine kleine kulturelle Veranstaltung. 

Auch Schallstadts Bürgermeister Sebastian Kiss ist heute mit einem Team aus dem Rathaus zum Mittagstisch gekommen. ""Viele [Gruppe 1] leben mittlerweile in privatem Wohnraum, der Mittagstisch kann da ein Ort der Begegnung sein"", erklärt der Bürgermeister. Beim Mittagstisch kämen einfach ganz viele verschiedene Personen zusammen. Das mache die Veranstaltung so bunt und besonders. 

Während das Johann-Strauß-Ensemble noch spielt, wird in der Küche des Gemeindehauses schon fleißig aufgeräumt. Rentnerin Gabriele Münch kümmert sich um den Abwasch. Jede Woche werden Teams eingeteilt, die ehrenamtlich beim Aufbau, Kochen und Abbau helfen. Obwohl es manchmal Kommunikationsprobleme aufgrund von Sprachschwierigkeiten gibt, mache laut Münch besonders das gemeinsame Kochen immer viel Spaß. Sie hat die Erfahrung gemacht, dass manche Menschen zunächst Berührungsängste haben, wenn sie vom Mittagstisch erfahren. ""Das ist manchmal eine Sache der Persönlichkeit. Man muss die Menschen an die Hand nehmen und gezielt ansprechen"", sagt die Rentnerin. Meistens sei nur das erste Mal beim Mittagstisch eine kleine Überwindung, danach würden die Gäste gerne wiederkommen.","```
Label: NO_CRIME_FRAME
Explanation: Der Absatz beschreibt [Gruppe 1] ausschließlich als Teil einer integrativen Gemeinschaftsveranstaltung ohne Bezug zu Kriminalität, Sicherheitsbedrohungen oder abweichendem Verhalten.
```",NO_CRIME_FRAME,"Der Absatz beschreibt [Gruppe 1] ausschließlich als Teil einer integrativen Gemeinschaftsveranstaltung ohne Bezug zu Kriminalität, Sicherheitsbedrohungen oder abweichendem Verhalten."
MAZ-3.02812530001652e+20,1,REFUG,"

BAD KREUZNACH (red). Im Museum für PuppentheaterKultur (PuK), Hüffelsheimer Straße 5, findet am Donnerstag, 19. Mai, ab 19 Uhr ein Benefizkonzert zugunsten ukrainischer [Gruppe 1] statt. Das Programm bilden Sopranistin Sabine Vinke, die unter anderem Arien von Verdi und Strauß singt, Marionettenspieler Markus Dorner mit dem Zauberlehrling und Marc Kluschat, der sich mit der Gitarre von Bach bis zu den Beatles spielt.  Karten gibt es für 15 Euro im Vorverkauf unter Telefon 0671-888091-0021 oder per Mail an puk-kasse@museen-bad-kreuznach.de.

","Label: **NO_CRIME_FRAME**
Explanation: Der Absatz erwähnt **[Gruppe 1]** (ukrainische Geflüchtete) ausschließlich als Empfänger einer humanitären Unterstützung (Benefizkonzert) ohne jeden Bezug zu Kriminalität, Sicherheitsbedrohungen oder abweichendem Verhalten.",NO_CRIME_FRAME,"Der Absatz erwähnt **[Gruppe 1]** (ukrainische Geflüchtete) ausschließlich als Empfänger einer humanitären Unterstützung (Benefizkonzert) ohne jeden Bezug zu Kriminalität, Sicherheitsbedrohungen oder abweichendem Verhalten."
BADZ-51307388238,9,REFUG,"Die Ministerpräsidenten finden es nicht fair, dass der Bund sie im Zuge des dritten Entlastungspakets mit Steuerausfällen von 19 Milliarden Euro im Jahr konfrontiere. Auch mahnen sie an, dass Bundesgesundheitsminister Karl Lauterbach (SPD) den Kliniken helfen solle, mit den steigenden Strom- und Gaskosten klar zu kommen. Der bietet bis Ende März 2023 dafür vier Milliarden Euro an. 

Finanzminister Christian Lindner (FDP) betont, der Bund bezahle ohnehin die Lebenshaltung der 570000 [Gruppe 1] aus der Ukraine. Das stimmt zwar, ändert aber nichts daran, dass die Kommunen für sie ein Dach überm Kopf organisieren und bezahlen müssen, sofern sie nicht privat unterkommen. Wie in Berlin zu erfahren war, bietet der Bund dafür für 2022 und 2023 nun 4,25 Milliarden Euro an. Trotzdem: Das Treffen am Mittwochnachmittag dürfte kontrovers sein und sich womöglich stundenlang hinziehen. 

","Label: **NO_CRIME_FRAME**
Explanation: Der Absatz erwähnt [Gruppe 1] ausschließlich im Kontext von Unterbringung, finanzieller Unterstützung und strukturellen Herausforderungen der Kommunen, ohne Kriminalität oder Sicherheitsbedrohungen zu thematisieren.",NO_CRIME_FRAME,"Der Absatz erwähnt [Gruppe 1] ausschließlich im Kontext von Unterbringung, finanzieller Unterstützung und strukturellen Herausforderungen der Kommunen, ohne Kriminalität oder Sicherheitsbedrohungen zu thematisieren."
BADZ-51301602348,4,MIGR,"Um die JahrhundertwendeIm Mai 1886 heirateten in Merdingen Maria Schnurr und Konstantin Escher, aus der Ehe seien zahlreiche Kinder hervorgegangen, berichtet Jürgen Escher. So auch sein Großvater, ein Bruder des später ausgewanderten Julius Escher. Das Haus in der Kirchgasse 6 sei auch sein Elternhaus gewesen, erzählt Jürgen Escher. Damals hätten seine Vorfahren hauptsächlich von Landwirtschaft gelebt, was nicht einfach gewesen sei. Nach dem Ersten Weltkrieg sei das Leben noch schwerer geworden. Da sei bei Julius, Jahrgang 1894 und Messdiener in Merdingen, der Entschluss zur Auswanderung gereift.

Die AuswanderungGroßonkel Julius habe sich einen kleinen Erbteil auszahlen lassen, um die Schiffspassage bezahlen und auswandern zu können, so sei es in der Familie überliefert, sagt Jürgen Escher. Der Weg führte zunächst nach Buenos Aires in Argentinien, später nach Asunción, der Hauptstadt von Paraguay. Von dort aus ging es mit Zug und Pferdewagen 180 Kilometer nach Osten weiter in Richtung der Colonia Independencia, einer 1919 von Badischen Winzern gegründeten Auswanderer-Siedlung. Jeder Neue habe so viel Land bekommen können, wie er an einem Tag zu Fuß habe umrunden können, lautet die Legende. In Wikipedia heißt es, ""per Dekret stellte die paraguayische Regierung 10000 Hektar Land für die [Gruppe 1] zur Verfügung und vergab jeweils 10 Hektar an Alleinstehende und 20 Hektar Land an Familien"".

Die Familie in SüdamerikaSchon bald nach der Auswanderung von Julius Escher folgte ihm seine Braut Wilhelmine Gretzmeier aus Merdingen. Mit gerade mal 18 Jahren hatte sie sich gemeinsam mit ihrem Bruder Franz auf den weiten Weg gemacht, noch im Hafen von Buenos Aires sei geheiratet worden, weiß Horst Escher, ein in Paraguay lebender Enkel des Auswanderers, zu berichten. Die Familie bekam ihm zufolge fünf Kinder und baute sich in Paraguay eine eigene Weinkellerei auf, auch wenn das neue Land erst urbar gemacht werden musste. Nach und nach vergrößerte sich die Landwirtschaft. In der neuen Heimat gab es deutsche Vereine, eine deutsche Schule und einen deutschen Friedhof. ","```
Label: NO_CRIME_FRAME
Explanation: Der Absatz beschreibt ausschließlich die Auswanderungsgeschichte der Familie Escher und die Gründung einer deutschen Siedlergemeinschaft in Paraguay ohne jede Assoziation mit Kriminalität, Sicherheitsbedrohungen oder abweichendem Verhalten.
```",NO_CRIME_FRAME,"Der Absatz beschreibt ausschließlich die Auswanderungsgeschichte der Familie Escher und die Gründung einer deutschen Siedlergemeinschaft in Paraguay ohne jede Assoziation mit Kriminalität, Sicherheitsbedrohungen oder abweichendem Verhalten."
BADZ-51301222792,17,MIGR,"Hennrich: Die regulären Busse fuhren nicht mehr. Ich bin auf die S-Bahn umgestiegen. Ich hab versucht, einen Bogen um den Ort zu machen. Ich hatte da wirklich Angst. Wohlgemerkt: Wenn ich das schon spürte, wie unglaublich schrecklich muss das für die Betroffenen gewesen sein, die [Andere Gruppe] und die Menschen im benachbarten Wohnheim. Dort lebten ja [Andere Gruppe]. Ich weiß noch, wie die Mitarbeiter an der Uni gar nicht verstehen konnten, warum sich der Hass und die Gewalt auch gegen die [Andere Gruppe] wendete. Die galten eigentlich als gut integriert und waren an vielen Orten der Stadt präsent - auch an der Uni. 

BZ: Die Geschehnisse sind 30 Jahre her. Würden Sie sagen, dass wir im Umgang mit [Gruppe 1], Fremden und [Andere Gruppe] eine tolerantere Gesellschaft geworden sind?

Hennrich: Jedenfalls sind wir politisch ein Staat geworden, der schneller handelt, wenn Probleme anstehen. Diese Form der fehlenden Kontrolle habe ich - anders als manche uns das weismachen wollen - in der Flüchtlingskrise 2015 ganz sicher nicht erlebt. Das war schwierig, aber die Politik hat den Aufnahmeprozess letztlich gut gemanagt. Das war dann wohl auch eine Lehre aus 1992. ","```
Label: NO_CRIME_FRAME
Explanation: Der Absatz beschreibt die [Andere Gruppe] ausschließlich als Opfer von Gewalt und Hass, ohne sie mit Kriminalität oder Sicherheitsbedrohungen in Verbindung zu bringen.
```",NO_CRIME_FRAME,"Der Absatz beschreibt die [Andere Gruppe] ausschließlich als Opfer von Gewalt und Hass, ohne sie mit Kriminalität oder Sicherheitsbedrohungen in Verbindung zu bringen."
BADZ-51294517470,13,REFUG,"Wie werden [Gruppe 1] verteilt?

Das ist derzeit noch eine offene Frage. In einigen Gemeinden sind bereits etliche Menschen aus der Ukraine angekommen. Doch es ist unklar, ob diese Menschen auf die Unterbringungsquote, die jede Gemeinde erfüllen muss, angerechnet werden. Das ist für viele Bürgermeister eine wichtige Frage, denn es geht auch ums Geld, so müssen beispielsweise für die [Gruppe 1] Kinder Betreuungsplätze geschaffen werden. In Gundelfingen etwa sind schon mehr als 25 Menschen privat untergekommen ""Es gibt in dieser Frage aber bisher keine landesweit geltende verbindliche Regelung. Das ist mein Wunsch, damit die Gemeinden Planungssicherheit haben"", sagt Landrätin Störr-Ritter. Aus ihrer Sicht werde das Land nicht umhinkommen, privat untergekommene [Gruppe 1] auf die Unterbringungsquote anzurechnen. ""Es darf nicht passieren, dass die Hilfsbereitschaft der Menschen durch Unsicherheit geschmälert wird, das wäre fatal"", so Störr-Ritter. 

Wichtige Infos zu Ukraineflüchtlingen unter www. lkbh.de/ukraine ","Label: **NO_CRIME_FRAME**
Explanation: Der Absatz thematisiert ausschließlich die **Unterbringung, Betreuung und administrative Regelungen** für [Gruppe 1] ohne jede Assoziation mit Kriminalität, Sicherheitsbedrohungen oder abweichendem Verhalten.",NO_CRIME_FRAME,"Der Absatz thematisiert ausschließlich die **Unterbringung, Betreuung und administrative Regelungen** für [Gruppe 1] ohne jede Assoziation mit Kriminalität, Sicherheitsbedrohungen oder abweichendem Verhalten."
KN-doc7ngo37k00hylsul7loc,5,ASYL,"In Einsiedel kann die Stimmung schnell umschlagen, auch jetzt wieder. Und wer sich unter den Menschen umhört, die im Dunkeln durch die Straßen ziehen, spürt einen gewissen Stolz. ""Die haben Schiss vor uns. Das ist auch richtig so"", sagt ein Rentner.

Es brodelt wieder im Land - Pandemiefolgen, Krieg, Inflation, Energiekrise, Existenzängste, die Themen verbinden sich. Der Zeitpunkt ist gefährlich. Weil die russische Armee derzeit gezielt die Infrastruktur für die Energieversorgung zerstört, könnten in den kommenden Wochen wieder verstärkt [Andere Gruppe] aus der Ukra­i­ne nach Deutschland kommen. Gleichzeitig steigt auch wieder die Zahl von [Gruppe 1], die über Drittstaaten einreisen. Eine schwierige Gemengelage, die vor allem Politiker der AfD und rechtsextreme Gruppierungen für sich nutzen.

Nun treffen sich am Freitag die Innenminister der fünf Ostbundesländer in Erfurt. Als Thüringens Innenminister Georg Maier (SPD) Mitte Oktober die Einladung für ein Vernetzungstreffen aussprach, standen vor allem die Energieproteste und der Katastrophenschutz auf der Liste. Doch mittlerweile brennen nicht mehr die Wälder wie im Sommer - sondern Flüchtlingsheime.","```
Label: **NO_CRIME_FRAME**
Explanation: Der Absatz erwähnt zwar die Anwesenheit von [Gruppe 1] und [anderer Gruppe] sowie deren Zunahme, verbindet dies aber **nicht explizit oder implizit mit Kriminalität oder Sicherheitsbedrohungen**, sondern mit strukturellen Krisen (Energieproteste, Flüchtlingsheime als Symbol für gesellschaftliche Spannungen) und politischer Instrumentalisierung – ohne kausale Zuschreibung von Straftaten.
```",NO_CRIME_FRAME,"Der Absatz erwähnt zwar die Anwesenheit von [Gruppe 1] und [anderer Gruppe] sowie deren Zunahme, verbindet dies aber **nicht explizit oder implizit mit Kriminalität oder Sicherheitsbedrohungen**, sondern mit strukturellen Krisen (Energieproteste, Flüchtlingsheime als Symbol für gesellschaftliche Spannungen) und politischer Instrumentalisierung – ohne kausale Zuschreibung von Straftaten."
KN-doc7o5ttha5j9cbmgx8tl,4,AFG,"Das Regime drängt [Gruppe 1] aus dem öffentlichen Leben, als wäre es ein Verbrechen, eine Frau zu sein. Die Taliban erschweren es den Frauen außerdem, überhaupt noch einer Arbeit nachzugehen - obwohl Afghanistan kurz vor dem wirtschaftlichen Zusammenbruch steht. Das zeigt die Prioritätensetzung des Regimes, dessen Vorgehen sich immer mehr dem der Steinzeitdiktatur der Taliban aus den Jahren 1996 bis 2001 annähert: Statt sich um das Wohl der Not leidenden [Gruppe 1] zu kümmern, geht es den Taliban darum, dem Volk ihre krude Interpretation der Scharia aufzuzwingen.

Natürlich kann es also nicht darum gehen, das Taliban­regime anzuerkennen. Was wir aber tun sollten: Wir sollten die Entwicklungszusammenarbeit wieder ausbauen, um den [Gruppe 1] und [Gruppe 1] zu helfen. Nicht nur ist es auch in unserem Interesse, den Menschen eine Perspektive zu bieten, damit sie nicht massenhaft nach Europa fliehen. Wir haben zudem 20 Jahre lang versprochen, die [Gruppe 1] nicht wieder im Stich zu lassen. Dieses Versprechen haben nicht die Taliban gebrochen, sondern die westlichen Staaten, also wir. Deshalb sind wir den Menschen Hilfe schuldig.

Zitat-Text:","Label: **NO_CRIME_FRAME**
Explanation: Der Absatz beschreibt **[Gruppe 1]** ausschließlich als Opfer von Unterdrückung und struktureller Gewalt durch die Taliban, ohne sie mit Kriminalität, Sicherheitsbedrohungen oder abweichendem Verhalten in Verbindung zu bringen.",NO_CRIME_FRAME,"Der Absatz beschreibt **[Gruppe 1]** ausschließlich als Opfer von Unterdrückung und struktureller Gewalt durch die Taliban, ohne sie mit Kriminalität, Sicherheitsbedrohungen oder abweichendem Verhalten in Verbindung zu bringen."
MAZ-3.0703502000166e+20,1,REFUG,"

MAINZ. Die Stadt Mainz wird [Gruppe 1] künftig auch in einer Containeranlage im Heiligkreuzviertel unterbringen. Von diesem Montag an sollen bis zu 96 Menschen in die eigens hergerichteten Container einziehen - das teilte die Stadtverwaltung am Freitag mit. Die Anlage setzt sich aus einzelnen Containern zusammen, die Wohn- und Aufenthaltsräume, sanitäre Anlagen, Küchen, Waschmaschinen und Trockner bieten. Pro Wohnraum ist eine Belegung mit drei Personen vorgesehen, heißt es von Seiten der Stadt.

Die Container seien von der Stadt zur Unterbringung von [Gruppe 1] angeschafft und auf einer Brachfläche im Heiligkreuzviertel aufgestellt worden, erklärte die städtische Pressestelle. Künftig sollen dort nicht nur [Andere Gruppe], sondern auch [Gruppe 1] aus anderen Ländern untergebracht werden.","```
Label: NO_CRIME_FRAME
Explanation: Der Absatz erwähnt [Gruppe 1] und [andere Gruppe] ausschließlich im Kontext der Unterbringung in einer Containeranlage, ohne jegliche Assoziation mit Kriminalität, Sicherheitsbedrohungen oder abweichendem Verhalten.
```",NO_CRIME_FRAME,"Der Absatz erwähnt [Gruppe 1] und [andere Gruppe] ausschließlich im Kontext der Unterbringung in einer Containeranlage, ohne jegliche Assoziation mit Kriminalität, Sicherheitsbedrohungen oder abweichendem Verhalten."
MAZ-3.00341470001648e+20,2,REFUG,"ALZEY (red). Millionen Menschen sind seit Beginn des Kriegs in der Ukraine auf der Flucht, Tausende bereits in Deutschland angekommen, mehrere auch im Landkreis Alzey-Worms. Viele werden noch folgen. Landtagsabgeordneter Heiner Illing lud daher kurzfristig zu einem ""Runden Tisch Ukraine-Hilfe"" ein, an dem Landrat Heiko Sippel sowie Vertreter der Stadt Alzey, der Verbandsgemeinden und der Wohlfahrtsverbände die aktuelle Situation im Landkreis beschrieben, Erfahrungswerte austauschten und daraus mündende Notwendigkeiten formulierten.

Mangelnde Transparenz und fehlende Registrierung der bereits eingetroffenen, meist bei Verwandten oder bei Bekannten untergebrachten [Gruppe 1] benannte Heiko Sippel, laut einer Pressemitteilung des Bürgerbüros von Heiner Illing, als problematisch. Eine zeitnahe Anmeldung beim Einwohnermeldeamt sei dringend angeraten und formale Grundvoraussetzung für Anträge auf Asylbewerberleistungen, Aufenthalts- und Arbeitserlaubnis. Anders als bei der Flüchtlingswelle 2015/2016 seien es nun vor allem ältere Menschen, Frauen und Kinder.

Sandra Körbes vom Diakonischen Werk Rheinhessen entwickelte gemeinsam mit Astrid Hammes, Caritas Zentrum Alzey, und Andrea Rinke-Bachmann, Caritas [Gruppe 1]- und Ehrenamtsbegleitung in der VG Wörrstadt, das Projekt ""Ukraine Hilfe - Ankommende Engagiert Informiert Begleiten"" zur Gewinnung, Schulung und Qualifizierung ehrenamtlicher Helfer. Hierzu wird es in Kooperation mit Kreisverwaltung und Jobcenter Basisschulungen für Interessierte geben. Auch Menschen, die ukrainisch sprechen und als Sprachmittler fungieren möchten, sind hier angesprochen. Nähere Infos gibt es dazu am 4. April im Kardinal-Volk-Haus in Alzey. Anmeldung bei Sandra Körbes (06731-99 68 12, E-Mail sandra.koerbes@diakonie-rheinhessen.de), Astrid Hammes (06731-94 15 97, E-Mail info@caritas-alzey.de) oder Andrea Rinke-Bachmann (0171-2 67 21 59, E-Mail fluechtlingshilfe@vgwoerrstadt.com). Für Fragen rund um Hilfen für [Gruppe 1] Menschen aus der Ukraine, Wohnraumangebote oder Spendenaufrufe informiert die Kreisverwaltung Alzey-Worms unter 06731-4 08 56 56, per E-Mail an ukraine-hilfe@alzey-worms.de oder unter www.kreis-alzey-worms.de. Weitere Unterkünfte werden dringend gesucht. Infos gibt es auch auf www.wir-tun-was.rlp.de/de/service/        fluechtlinge/ukraine. Zudem ist ein Infoblatt geplant. Der nächste Runde Tisch ""Ukraine-Hilfe"" findet am Freitag, 8. April, statt.","```
Label: **NO_CRIME_FRAME**
Explanation: Der Absatz thematisiert ausschließlich die humanitäre Unterstützung, Registrierungsprobleme und organisatorische Maßnahmen für [Gruppe 1] ohne jede Assoziation mit Kriminalität oder Sicherheitsbedrohungen.
```",NO_CRIME_FRAME,"Der Absatz thematisiert ausschließlich die humanitäre Unterstützung, Registrierungsprobleme und organisatorische Maßnahmen für [Gruppe 1] ohne jede Assoziation mit Kriminalität oder Sicherheitsbedrohungen."
MAZ-3.05256950001657e+20,23,REFUG,"Aktuell suchen auch viele Menschen aus der Ukraine hier Schutz. Wie ist aus Ihrer Sicht die Aufnahme der [Gruppe 1] gelaufen und welche Perspektive haben sie hier?

Die [Gruppe 1] aus der Ukraine sind ein Sonderfall, den wir so noch nie hatten. Sie hatten alle das Recht, hier für drei Monate einzureisen. Formal waren sie keine [Gruppe 1]. Viele von ihnen haben gedacht, sie sind in 90 Tagen wieder zurück, und wollten sich gar nicht als [Gruppe 1] registrieren lassen. Die EU-Richtlinie hat ihnen ermöglicht, sich sehr einfach wie ein anerkannter [Andere Gruppe] zu registrieren. Trotzdem gehen die meisten davon aus, dass sie nicht dauerhaft hier sein werden. Wir müssten uns darum bemühen, dass die [Andere Gruppe] und [Andere Gruppe] hierbleiben. Sie sind teilweise hervorragend qualifiziert und integrieren sich schnell. Viele sind bisher privat untergekommen. Wenn der Krieg noch länger dauert, kommt auf die Kommunen die Aufgabe zu, dauerhafte Lösungen zu finden.

Von den wirtschaftlichen Herausforderungen abgesehen. Wo sehen Sie die innenpolitisch größte Bedrohung gerade?","```
Label: NO_CRIME_FRAME
Explanation: Der Absatz thematisiert die Gruppe ausschließlich als Schutzsuchende, deren Integration und Qualifikationen positiv hervorgehoben werden, ohne sie mit Kriminalität, Sicherheitsbedrohungen oder abweichendem Verhalten zu assoziieren.
```",NO_CRIME_FRAME,"Der Absatz thematisiert die Gruppe ausschließlich als Schutzsuchende, deren Integration und Qualifikationen positiv hervorgehoben werden, ohne sie mit Kriminalität, Sicherheitsbedrohungen oder abweichendem Verhalten zu assoziieren."
MAZ-3.00808910001649e+20,3,REFUG,"Herr Appel, wie wurde die Aktion denn angenommen?

Der Stand war ein voller Erfolg. Trotz der geringen Vorlaufzeit (uns war es wichtig, schnell Hilfe bieten zu können) konnten wir um die 1000 Euro Gewinn erwirtschaften. Aktuell eruieren wir, wo wir dieses Geld am besten einsetzen können. Wir möchten damit aber in jedem Fall ukrainische [Gruppe 1] in Bad Kreuznach unterstützen.   Welche anderen Termine stehen in nächster Zeit an?

Mitte Mai wird es eine Clean-up-Aktion geben, bei der wir Bad Kreuznach von Müll und Unrat befreien möchten. Interessierte Mitstreiter sind natürlich immer gerne gesehen.","Label: **NO_CRIME_FRAME**
Explanation: Der Absatz erwähnt [Gruppe 1] ausschließlich als **Opfer** (Unterstützung ukrainischer Geflüchteter) und verbindet sie in keinem Kontext mit Kriminalität oder abweichendem Verhalten.",NO_CRIME_FRAME,Der Absatz erwähnt [Gruppe 1] ausschließlich als **Opfer** (Unterstützung ukrainischer Geflüchteter) und verbindet sie in keinem Kontext mit Kriminalität oder abweichendem Verhalten.
KN-doc7n17wmiv0bcqkx6yjgs,6,MIGR,"Angesichts dieser Stimmung und mit Blick auf die Wahlen im nächsten Frühjahr hat Staatschef Recep Tayyip Erdogan seine Migrationspolitik verschärft. Er will möglichst viele syrische [Andere Gruppe] dazu bewegen, in ihre Heimat zurückzukehren - freiwillig, wie er sagt. Die Opposition macht Druck. Sie verspricht, alle [Andere Gruppe] binnen drei Jahren zurückzuschicken. Immer mehr syrische [Andere Gruppe] fürchten, dass ihnen über kurz oder lang die Deportation droht. Sie wollen deshalb Asyl in der EU suchen. Manche [Andere Gruppe], die in den vergangenen Monaten nach Griechenland flüchten konnten, berichteten, man habe sie vor die Wahl gestellt, nach Syrien abgeschoben zu werden oder über die Grenze nach Griechenland zu gehen.

Es wäre nicht das erste Mal, dass Erdogan [Gruppe 1] instrumentalisiert. Im März 2020 ließen die türkischen Behörden Zehntausende zur griechischen Grenze bringen, wo sie wochenlang den Übergang Kastanies belagerten. In Griechenland fürchtet man jetzt eine Neuauflage der damaligen Krise. Die Behörden arbeiten deshalb mit Hochdruck am Ausbau der Sperranlagen. Der Grenzzaun soll von 37 auf 140 Kilometer verlängert werden. Bürgerschutzminister Theodorikakos versicherte im September bei einem Ortstermin an der Grenze: ""Unsere Botschaft lautet: Hier kommt keiner durch!"" Wie Theodorikakos sagte, haben die griechischen Grenzschützer seit Jahresbeginn am Evros 150 000 irreguläre Übertritte verhindert. Auch die bulgarischen Behörden melden wachsenden Migrationsdruck aus der Türkei.

Zitat-Text:","```
Label: **NO_CRIME_FRAME**
Explanation: Der Absatz thematisiert ausschließlich die **Migrationspolitik, Abschiebungen und Grenzsicherungsmaßnahmen**, ohne [Gruppe 1] oder [andere Gruppe] mit Kriminalität, Sicherheitsbedrohungen oder abweichendem Verhalten zu assoziieren – die Gruppe wird als **Opfer von Abschiebepolitik** und **Migrationsdruck** dargestellt.
```",NO_CRIME_FRAME,"Der Absatz thematisiert ausschließlich die **Migrationspolitik, Abschiebungen und Grenzsicherungsmaßnahmen**, ohne [Gruppe 1] oder [andere Gruppe] mit Kriminalität, Sicherheitsbedrohungen oder abweichendem Verhalten zu assoziieren – die Gruppe wird als **Opfer von Abschiebepolitik** und **Migrationsdruck** dargestellt."
BADZ-51295885370,6,REFUG,"Hotels und Gasthöfe angemietet 

Der Landkreis hat das Gasthaus Hirschen in Oberried für die vorläufige Unterbringung von [Gruppe 1] angemietet. Dort können von Ende April an bis zum 31. Januar 2023 [Gruppe 1] eine Zuflucht finden. 63 Menschen finden dort laut Finanzdezernent Thomas Wisser Platz.

Ebenfalls angemietet wird der Tobererhof in Glottertal, wo 50 Menschen einquartiert werden sollen. Dort habe man mit dem Betreiber einen Vertrag für sechs Monate abgeschlossen inklusive Verlängerungsoption. Es sei vertraglich geregelt worden, dass an beiden Standorten nur ukrainische [Gruppe 1] - und damit vorzugsweise Frauen und Kinder - wohnen sollen. ""Da es sich um hotelartige Gebäude handelt, wollen wir verhindern, dass dort ledige Männer und junge Frauen gemeinsam untergebracht werden. Wir wollen soziale Spannungen vermeiden"", sagte Wisser nach der Sitzung zur BZ.","Label: **NO_CRIME_FRAME**
Explanation: Der Absatz beschreibt die Unterbringung von [Gruppe 1] als Schutzmaßnahme und betont präventive soziale Absicherung, ohne Kriminalität oder Sicherheitsbedrohungen zu thematisieren.",NO_CRIME_FRAME,"Der Absatz beschreibt die Unterbringung von [Gruppe 1] als Schutzmaßnahme und betont präventive soziale Absicherung, ohne Kriminalität oder Sicherheitsbedrohungen zu thematisieren."
MAZ-3.08056300001663e+20,5,REFUG,"Anders als in Eich. Im Februar war der Spendeneingang beim Verein SOS `86-Kinder von Tschernobyl am Nullpunkt angekommen. Im März, also wenige Tage nach Kriegsbeginn, traute Vereinsvorstand Konersmann seinen Augen nicht. ""Da stieg unser Spendeneingang plötzlich auf fast 100 Spenden an."" Damals sei er positiv überrascht gewesen. Der Verein wurde ""fast schon überfallen"", erzählt er.

Mehr als ein halbes Jahr später sei aber alles mehr oder weniger eingeschlafen: ""Im August wurde nur einmal gespendet"", erzählt Konersmann und betont: ""Die Hilfsbedürftigkeit ist noch nicht eingeschlafen."" Sachhilfen für die Ersteinrichtungen von Wohnungen könnten zwar noch geleistet werden, aber ""irgendwann kann der Verein auch nicht mehr finanziell helfen"", sagt er. Hinzu kommt, dass sich die Wohnungssuche schwierig gestaltet. ""Viele Vermieter wollen keine ukrainischen [Gruppe 1] in ihren Wohnungen, weil sie nicht wissen, wie lange sie bleiben."" Auf der anderen Seite sind jetzt oftmals die Kommunen Vertragspartner der Vermieter, sodass es für den Verein noch schwieriger wird, an freie Wohnungen zu gelangen. ""Wir sind ein selbstständiger Verein, der keiner größeren Organisation angehört"", erklärt Konersmann. ""Daher sind wir vor allen Dingen auf finanzielle Spenden angewiesen.""

Konersmann, der selbst oft in der Ukraine war und regelmäßig Kontakte dahin pflegt, sieht aufgrund der anhaltenden Spannungen zu Russland noch kein Ende des Krieges. ""Es bräuchte jemanden wie Gorbatschow, um diesen Krieg zu beenden. Aber den muss man erst mal finden."" 20 Jahre lang hätten die deutschen Finanzminister nicht erkannt, dass sich die Bundesrepublik von Russland abhängig mache. ""Es ist traurig, dass unsere Politiker immer noch keinen Weg gefunden haben, dies zu beenden.""","```
Label: NO_CRIME_FRAME
Explanation: Der Absatz thematisiert ausschließlich die **Opferrolle** der ukrainischen Geflüchteten ([Gruppe 1]) durch Diskriminierung bei der Wohnungsvermittlung und strukturelle Hürden, ohne Kriminalität oder Sicherheitsbedrohungen zu assoziieren.
```",NO_CRIME_FRAME,"Der Absatz thematisiert ausschließlich die **Opferrolle** der ukrainischen Geflüchteten ([Gruppe 1]) durch Diskriminierung bei der Wohnungsvermittlung und strukturelle Hürden, ohne Kriminalität oder Sicherheitsbedrohungen zu assoziieren."
MAZ-3.00902620001649e+20,8,REFUG,"Mit der Ausstattung der beiden IGS-Sporthallen macht der Landkreis, in dem sich aktuell gut 1100 [Andere Gruppe] aufhalten, das bestmögliche: Dazu zählt, dass es freies WLAN gibt. Jede einzelne Box hat einen Stromanschluss. Um ihre Verpflegung müssen sich die Menschen, die hier übergangsweise leben, keine Gedanken machen. Eine eigens eingerichtete Cateringküche sorgt für die Mahlzeiten.

Die Hygieneartikel, die den [Gruppe 1] zur Verfügung stehen, sind auch auf die Bedürfnisse von Frauen ausgerichtet. Die Kinder werden Spielzeug vorfinden, und die Erwachsenen die Gewissheit, dass sie in Sicherheit sind.

Und sollte irgendwer auf den Gedanken kommen, hier vor oder in der Unterkunft Stress in welcher Form auch immer zu machen, sieht sich mit Security-Leuten konfrontiert. ""Diese sind rund um die Uhr im Einsatz"", erläutert Topteam-Geschäftsführer Alexander Törpsch-von der Heide. Schließlich geht man auch in Ginsheim davon aus, dass es überwiegend Frauen mit Kindern sein werden, die hier Quartier beziehen.","```
Label: **NO_CRIME_FRAME**
Explanation: Der Absatz beschreibt die Gruppe zwar als potenzielle Zielgruppe für Sicherheitsmaßnahmen, betont aber explizit die **Sorge um Schutz und Sicherheit der Gruppe selbst** (z. B. ""in Sicherheit sind"", ""Security-Leute [...] im Einsatz"") und stellt keine Assoziation mit abweichendem oder kriminellem Verhalten her.
```",NO_CRIME_FRAME,"Der Absatz beschreibt die Gruppe zwar als potenzielle Zielgruppe für Sicherheitsmaßnahmen, betont aber explizit die **Sorge um Schutz und Sicherheit der Gruppe selbst** (z. B. ""in Sicherheit sind"", ""Security-Leute [...] im Einsatz"") und stellt keine Assoziation mit abweichendem oder kriminellem Verhalten her."
MAZ-3.00002220001649e+20,2,REFUG,"RÜMMELSHEIM (nk). Die aus der Ukraine stammende Rümmelsheimerin Tanja Detig berichtete in der jüngsten Sitzung des Gemeinderates, der ihr einstimmig Rederecht erteilt hatte, über ihr Hilfsprojekt für die durch Putins Armee überfallenen Menschen in der Ukraine. Sie hat Lebensmittel, Hygieneartikel sowie Arzneimittel und Verbandsmaterial gesammelt, um diese mit einem Bus ins Kriegsgebiet zu bringen.

""Wir als Gemeinde stellen für die Erstaufnahme und kurzfristige Unterbringung von bis zu zehn oder zwölf [Gruppe 1] den Klubraum im Untergeschoss der Trollbachtalhalle zur Verfügung, in dem es auch Toiletten und eine Behindertentoilette mit Dusche gibt"", informierte Ortsbürgermeister Hartmut Merkelbach. Im weiteren Verlauf der Ratssitzung habe ihn eine Nachricht von Tanja Detig erreicht, dass sieben [Gruppe 1], zwei Mütter mit insgesamt fünf Kindern, auf dem Weg nach Rümmelsheim seien. Tanja Detig, deren Mutter und Stiefvater sich noch in der Ukraine aufhalten, habe angeboten, sich als Übersetzerin bei der Betreuung der [Gruppe 1] einzubringen. Sein Beigeordneter habe sich sofort um die Organisation gekümmert und dafür ein kleines Team ins Leben gerufen.

Noch während der Sitzung erklärte sich ein Zuschauer bereit, die [Gruppe 1] in seinem Weingut aufzunehmen. Schon nach der ersten Nacht beim Winzer konnten über die Kreisverwaltung andere private Unterbringungsmöglichkeiten für die Frauen und Kinder gefunden werden.","```
Label: NO_CRIME_FRAME
Explanation: Der Absatz beschreibt [Gruppe 1] ausschließlich als Opfer von Kriegsgewalt und als Empfänger von humanitärer Hilfe, ohne jegliche Assoziation mit Kriminalität oder Sicherheitsbedrohungen.
```",NO_CRIME_FRAME,"Der Absatz beschreibt [Gruppe 1] ausschließlich als Opfer von Kriegsgewalt und als Empfänger von humanitärer Hilfe, ohne jegliche Assoziation mit Kriminalität oder Sicherheitsbedrohungen."
BADZ-51304945497,1,REFUG,"

Stuttgart (epd). Der Flüchtlingsrat Baden-Württemberg fordert einen Abschiebestopp in den Iran für [Gruppe 1] aus Baden-Württemberg. Dies sei nötig angesichts der eskalierenden Gewalt, mit der das iranische Regime auf die sich im Land ausbreitenden Proteste reagiere, teilte der Flüchtlingsrat am Mittwoch in Stuttgart mit. Bundesinnenministerin Nancy Faeser (SPD) habe die Bundesländer bereits am 6. Oktober dazu angehalten, Abschiebungen in den Iran zu unterbinden. Während einige Bundesländer wie Rheinland-Pfalz bereits am 7. Oktober dieser Aufforderung nachkamen, gelte dies für den Südwesten noch nicht, hieß es in der Mitteilung. Der Flüchtlingsrat kritisierte Faeser, weil sie die Entscheidung einfach an die Bundesländer delegiert habe.

","Label: **NO_CRIME_FRAME**
Explanation: Der Absatz thematisiert ausschließlich die humanitäre Situation von [Gruppe 1] als Opfer politischer Gewalt und fordert einen Abschiebestopp – ohne jede Assoziation mit Kriminalität oder Sicherheitsbedrohungen.",NO_CRIME_FRAME,Der Absatz thematisiert ausschließlich die humanitäre Situation von [Gruppe 1] als Opfer politischer Gewalt und fordert einen Abschiebestopp – ohne jede Assoziation mit Kriminalität oder Sicherheitsbedrohungen.
KN-doc7j3wj2vlfxt12yffpgt5,10,MIGR,"Der Ort hatte  einen besonderen Platz in meinem Herzen.

Ruth Edebohls,             New Yorkerin und Tochter deutscher [Gruppe 1]

Ein Paar sammelt  40 000 Unterschriften, um das Gebäude zu erhalten und will das Vermächtnis der Festhalle in jedem Fall","Label: **NO_CRIME_FRAME**
Explanation: Der Absatz erwähnt **[Gruppe 1]** (deutsche Abstammung) ausschließlich im Kontext einer persönlichen Erinnerung und eines kulturellen Erbes, ohne jeglichen Bezug zu Kriminalität oder Sicherheitsbedrohungen.",NO_CRIME_FRAME,"Der Absatz erwähnt **[Gruppe 1]** (deutsche Abstammung) ausschließlich im Kontext einer persönlichen Erinnerung und eines kulturellen Erbes, ohne jeglichen Bezug zu Kriminalität oder Sicherheitsbedrohungen."
BADZ-51295749076,7,REFUG,"Nach außen seien die Folgen der bereits seit Jahren üblichen Einsparungen teils schwer vermittelbar, sagt Harald Pessentheiner vom Haus der Begegnung (HdB) in Landwasser: Immer wieder seien Streichungen nötig, die erstmal klein wirkten, sich aber über die Jahre summiert und zu deutlichen Änderungen geführt hätten. Im HdB wären schon vor vier Jahren wesentliche Angebote weggefallen, wenn damals der Gemeinderat nicht einer Etaterhöhung zugestimmt hätte. Deshalb sei derzeit noch etwas Luft. Anders als im Jugendforum Herdern, wo es ähnlich wie am Tuniberg nötig sei, von anspruchsvolleren Angeboten auf einfachere Alternativen auszuweichen, sagt der Leiter Fritz Kälble. Außerdem würden Fachkräfte nur befristet angestellt. Das sei ungünstig, weil Kinder und Jugendliche auf dauerhafte Beziehungen angewiesen seien. Dass sich der Spardruck bisher nicht dramatischer ausgewirkt habe, liege daran, dass eine Stelle monatelang nicht besetzt gewesen sei. Um in Zeiten des Fachkräftemangels die Stellen attraktiv zu halten, seien aber gute Arbeitsbedingungen nötig. Das gilt besonders in Kitas, wo Fachkräfte fehlen. Erzieherin Ananda Hertling beschreibt, wie sich durch Sparzwänge Überstunden und Arbeitsbelastung ansammelten. Die Energie sinke, Angebote und Elterngespräche kämen zu kurz. 

Alle betonen: Seit Corona seien viele Kinder und Jugendliche psychisch belasteter als früher. Dazu kämen nun noch die Traumatisierungen junger ukrainischer [Gruppe 1]. In dieser Zeit wären besonders gute Angebote und motivierte Fachkräfte nötig - stattdessen werde gespart und Frustration erzeugt. 

Ähnlich hatten auch die Liga der freien Wohlfahrtsverbände und die Arbeitsgemeinschaft Offene Kinder- und Jugendarbeit der Vereinigung Freiburger Sozialarbeit argumentiert. Ohne Erfolg.","Label: **NO_CRIME_FRAME**
Explanation: Der Absatz beschreibt [Gruppe 1] (ukrainische Kinder/Jugendliche) ausschließlich als Opfer von Traumatisierungen und psychischer Belastung, ohne sie mit Kriminalität, Sicherheitsbedrohungen oder abweichendem Verhalten in Verbindung zu bringen.",NO_CRIME_FRAME,"Der Absatz beschreibt [Gruppe 1] (ukrainische Kinder/Jugendliche) ausschließlich als Opfer von Traumatisierungen und psychischer Belastung, ohne sie mit Kriminalität, Sicherheitsbedrohungen oder abweichendem Verhalten in Verbindung zu bringen."
MAZ-2.96705160001643e+20,8,SYR,"Sie macht aber auch Hoffnung. Vielen Vermietern sei es egal, ob die Mieter Transferleistungen erhielten. Wichtig sei eher der erste Eindruck der potenziellen Mieter. Sie rät Bewerbern dazu, alles offen zu kommunizieren und eine Bewerbermappe inklusive Selbstauskunft, Schufa-Auskunft sowie der letzten Gehaltsabrechnungen vorzulegen. Gerne auch als pdf-Datei.

Unzählige Wohnungen haben die Geschwister mittlerweile besichtigt. Meist aber wollten die Vermieter Berufstätige als Mieter. Wenn doch eine Chance besteht, dauere es oft zu lange mit den Papieren vom Jobcenter. Einmal hatten sie beinahe eine Wohnung gefunden, vom Sozialamt gab es grünes Licht. Doch drei Monate später sagte der Vermieter plötzlich ab, erzählt der [Gruppe 1].

Wenn seine Familie zusammenkommt, würde Fares Jommo gerne als Übersetzer arbeiten oder andere, ihm mögliche Tätigkeiten übernehmen. Dass seine Schwester nun schon so lange ""blockiert"" sei durch seine Pflege, soll ein Ende haben. Allerdings: Das Jobcenter habe ""kein Interesse, Menschen im häuslichen Umfeld zu belassen, vor allem keine jungen Menschen"", stellt Ilka Huber, Geschäftsführerin des Jobcenters in Alzey, unmissverständlich fest. Der Fachkräftemangel habe dazu geführt, dass die Berufsqualifizierung vorrangig zur Arbeitsvermittlung gesehen werde. Den Jommos stünden, sollte sich die 31-Jährige für eine Ausbildung entscheiden, dann auch Pflegeleistungen zu.","```
Label: NO_CRIME_FRAME
Explanation: Der Absatz beschreibt [Gruppe 1] ausschließlich als Opfer struktureller Benachteiligungen (z. B. Diskriminierung bei Wohnungsvermietung, Bürokratiehindernisse) und thematisiert keine Kriminalität oder Sicherheitsbedrohungen.
```",NO_CRIME_FRAME,"Der Absatz beschreibt [Gruppe 1] ausschließlich als Opfer struktureller Benachteiligungen (z. B. Diskriminierung bei Wohnungsvermietung, Bürokratiehindernisse) und thematisiert keine Kriminalität oder Sicherheitsbedrohungen."
KN-doc7n9wsavmyxjr7p2rora,3,ASYL,"Wie prekär die Lage in vielen Kommunen ist, verdeutlichte der Leiter des Amtes Großer Plöner See, Stefan Dockwarder, in der Sitzung des Amtsausschusses den Bürgermeistern und Gemeindevertretern mit drastischen Worten. Wohnraum sei weder im Bereich der Gemeinde Bosau noch in den Plöner Gemeinden ausreichend vorhanden. ""Wir müssen zugreifen. Alles nehmen, was geht. Jeder halbwegs nutzbare Wohnraum muss angemietet werden"", sagte Dockwarder.

Zudem hätten die Mitarbeitenden des Ordnungsamtes, die ohnehin schon weit über ihrer Belastungsgrenze seien und jederzeit auszufallen drohten, oft mit einem zusätzlichen Problem zu kämpfen. ""Wird Wohnraum gefunden, wird dieser von Vermietern häufig nur für [Andere Gruppe] angeboten"", erklärt Dockwarder. Dadurch werde das Angebot für sonstige [Gruppe 1] noch weiter reduziert. ""Und nicht alle [Andere Gruppe], die aus der Ukraine kommen, sind [Andere Gruppe]."" So kämen auch Menschen aus Drittstaaten, die in der Ukraine Zuflucht gefunden hätten, nach Deutschland.

Diese Zusammenhänge würden bei den Zuweisungen aber kaum beachtet. Besonders im Kreis Plön erfolgten diese ""sehr unkoordiniert"", stellte Dockwarder fest. ""Wünsche bei den Zuweisungen, die sich am jeweils gerade vorhandenen Wohnraum orientieren - Familien oder Einzelpersonen - werden kaum bis gar nicht berücksichtigt."" Mitunter stünden die Mitarbeiter und [Andere Gruppe] dann vergeblich vor einer Wohnung. Weil der Ukraineflüchtling ursprünglich aus dem Irak komme, werde dieser vom Vermieter nicht angenommen, dürfe nicht einziehen. Dies sei traurig und kein Einzelfall, berichtet Dockwarder. Die nüchternen Zahlen für das Amt Großer Plöner See zeigen, dass in den zehn angehörigen Gemeinden derzeit 101 [Andere Gruppe] und Obdachlose untergebracht sind. Laut Prognose müssen bis zum Jahresende noch 30 [Andere Gruppe] im Bereich Ostholstein (Gemeinde Bosau) und 20 [Andere Gruppe] im Bereich Plön (Dersau, Dörnick, Grebin, Kalübbe, Lebrade, Nehmten, Rantzau, Rathjensdorf und Wittmoldt) untergebracht werden. Und mit hoher Wahrscheinlichkeit würden diese Zahlen in den kommenden Monaten weiter steigen, betonte Dockwarder. So seien aktuell 55 [Andere Gruppe] für dieses Jahr angekündigt, die Prognose vom Monatsbeginn damit um fünf Personen erhöht worden.","```
Label: NO_CRIME_FRAME
Explanation: Der Absatz thematisiert ausschließlich Wohnraumknappheit, Zuweisungsprobleme und Diskriminierung von [Andere Gruppe] durch Vermieter, ohne Kriminalität, Sicherheitsbedrohungen oder abweichendes Verhalten zu assoziieren.
```",NO_CRIME_FRAME,"Der Absatz thematisiert ausschließlich Wohnraumknappheit, Zuweisungsprobleme und Diskriminierung von [Andere Gruppe] durch Vermieter, ohne Kriminalität, Sicherheitsbedrohungen oder abweichendes Verhalten zu assoziieren."
MAZ-3.09815260001666e+20,4,REFUG,"Der Vizepräsident des Deutschen Städtetags, Leipzigs Oberbürgermeister Burkhard Jung, sagte, die Situation sei mancherorts sehr kritisch. In Leipzig seien bereits Zeltstädte errichtet worden. Die Situation sei vergleichbar mit den Jahren der sogenannten Flüchtlingskrise 2015 und 2016. Jung betonte gleichzeitig die immer noch große Hilfsbereitschaft der Mehrheit der Bevölkerung. Er verurteilte Demonstranten, die am Montagabend in Leipzig ukrainische [Gruppe 1] beschimpft hatten.

Von Jahresbeginn bis September haben nach Angaben des Bundes fast 135.000 Menschen einen Erstantrag auf Asyl gestellt und damit knapp 35 Prozent mehr als im Vorjahreszeitraum. Zudem mussten seit Beginn des russischen Angriffskrieges am 24. Februar rund eine Million [Gruppe 1] aus der Ukraine untergebracht werden, die für einen legalen Aufenthalt keinen Asylantrag stellen müssen.

Hessens Innenminister Peter Beuth (CDU) hat sich mit dem Ergebnis des Flüchtlingsgipfels teils vom Bund enttäuscht gezeigt. Es mangele nach wie vor an konkreten Zusagen für Hilfen bei den Flüchtlingskosten, sagte der Sprecher der unionsgeführten Innenministerien in Wiesbaden. Seit April warteten die Kommunen auf eine klare Aussage, wie der Bund sie bei der Unterbringung von [Gruppe 1] aus der Ukraine und anderen Ländern finanziell unterstützen wird.","```
Label: NO_CRIME_FRAME
Explanation: Der Absatz thematisiert ausschließlich Unterbringung, Asylanträge, finanzielle Unterstützung und gesellschaftliche Solidarität ohne Bezug zu Kriminalität oder Sicherheitsbedrohungen durch [Gruppe 1].
```",NO_CRIME_FRAME,"Der Absatz thematisiert ausschließlich Unterbringung, Asylanträge, finanzielle Unterstützung und gesellschaftliche Solidarität ohne Bezug zu Kriminalität oder Sicherheitsbedrohungen durch [Gruppe 1]."
BADZ-51291513751,12,REFUG,"Erdung

Die Welt der Dschinns, der Zwerge und Riesen, die Bilder im Kopf, das alles trifft zusammen mit einem klaren Blick auf die Realitäten um sie herum. Als Helga Gebert in den 90er-Jahren von einer Gruppe Menschen hört, die sich, nur mit lärmenden Topfdeckeln ausgestattet, vor Wohnheimen von [Gruppe 1] zu deren Schutz vor Übergriffen versammeln, macht sie mit. Fast ein Vierteljahrhundert währt dann ihr umfassendes Engagement im Südbadischen Aktionsbündnis gegen Abschiebung, kurz: SAGA. Die Begegnung mit [Gruppe 1], mit deren Situation hier und mit deren Lebensgeschichte, gab den Impuls. Ihre eigenen Kinder waren inzwischen erwachsen. Und ihr lag die ganz praktische Unterstützung, die SAGA den [Gruppe 1] bot, am Herzen: ""Es war eine sehr intensive Arbeit von Mensch zu Mensch, Hilfen, die benötigt wurden, vom Deutschunterricht übers Kochen bis hin zum Behördenkram."" Als mit der Flüchtlingswelle 2015 dann die Arbeit immer mehr Bürokratie erforderte, musste sie passen. Ihr fehlte das Tun. ""Wenn mir eine irakische Frau erzählt, wie das Boot, mit dem sie herkam, gekentert ist und ihr Mann und zwei ihrer drei Söhne ertrunken sind, und wie sie für immer traurig sein wird"", so Helga Gebert, ""dann bleibt das auch so was wie eine Erdung für einen selbst.""

Familie","Label: **NO_CRIME_FRAME**
Explanation: Der Absatz beschreibt **[Gruppe 1]** ausschließlich als Opfer von Übergriffen und Trauma, ohne sie mit Kriminalität oder Sicherheitsbedrohungen in Verbindung zu bringen.",NO_CRIME_FRAME,"Der Absatz beschreibt **[Gruppe 1]** ausschließlich als Opfer von Übergriffen und Trauma, ohne sie mit Kriminalität oder Sicherheitsbedrohungen in Verbindung zu bringen."
BADZ-51296149836,3,REFUG,"FREIBURG-ALTSTADT. Der, die, das. Dieses Mal geht es um die Artikel in der deutschen Sprache. Die 15 Teilnehmenden des Deutschkurses, allesamt [Gruppe 1] aus der Ukraine, ordnen die Artikel Substantiven zu: die Nase, die Orange, das Papier. Kursleiterin Beate Hampe hilft weiter, wenn es klemmt, und gibt zu, dass das mit den Artikeln eine schwierige Sache sei. Die allermeisten müsse man mit den dazu gehörenden Substantiven auswendiglernen. Eine [Andere Gruppe] schüttelt den Kopf. Nein, im Ukrainischen gebe es keine Artikel, sagt sie leise auf Englisch.

Hampes Deutschkurs findet immer mittwochs und freitags statt und ist nur eins der Sprachlernangebote, die die Volkshochschule Freiburg (VHS) in wenigen Wochen für die Menschen aus der Ukraine auf die Beine gestellt hat: Bereits Anfang März, also kurz nach Kriegsbeginn, hätten die ersten Interessenten angefragt, ob es Einsteiger-Sprachkurse für [Gruppe 1] gebe, sagt VHS-Direktorin Philine Weyrauch-Herrmann. ""Und weil der Nachfragedruck immer größer wurde, haben wir uns beeilt, möglichst niedrigschwellige Angebote zu schaffen."" Angebote, die die Lücke schließen, denn noch sind nach Auskunft Weyrauch-Herrmanns die regulären, über das Bundesamt für Migration und [Gruppe 1] zu beantragenden Integrationskurse für die Menschen aus der Ukraine nicht angelaufen. Was bereits an Kursen angeboten wird, geht auf eine Auftragsmaßnahme der Stadtverwaltung zurück: Aktuell habe man aus dem städtischen Etat rund 10000 Euro für Angebote zur Sprachförderung bereitgestellt, sagt Rathaussprecherin Eva Amann. Damit sollen hauptsächlich kostenfreie Einstiegsformate und Anfänger-Deutschkurse für [Gruppe 1] aus der Ukraine finanziert werden. 

Die Teilnehmerinnen Oksana und Irina sind froh über die Möglichkeit, hier Deutsch lernen zu können. Nach ihrem dritten Kurstermin vergangenen Mittwoch stehen sie vor dem Kursraum und erzählen von ihrer Flucht nach Freiburg. Ihre Nachnamen wollen sie für sich behalten: Oksana berichtet, dass sie bereits das zweite Mal fliehen musste - 2015 aus Donezk und Anfang März aus Kiew. Irina kommt ebenfalls aus Kiew. Beide Frauen sind privat untergekommen. Und beide Frauen hoffen, hier schnellstmöglich eine Arbeit zu finden. Auch deshalb wolle man die deutsche Sprache lernen. Man wisse schließlich nicht, ob und wann eine Rückkehr in die Ukraine möglich sei. ","```
Label: NO_CRIME_FRAME
Explanation: Der Absatz thematisiert ausschließlich die Fluchtgeschichte, Sprachlernangebote und Integrationsbemühungen von [Gruppe 1] als Opfer von Krieg und soziale Herausforderungen, ohne Kriminalität oder Sicherheitsbedrohungen zu assoziieren.
```",NO_CRIME_FRAME,"Der Absatz thematisiert ausschließlich die Fluchtgeschichte, Sprachlernangebote und Integrationsbemühungen von [Gruppe 1] als Opfer von Krieg und soziale Herausforderungen, ohne Kriminalität oder Sicherheitsbedrohungen zu assoziieren."
BADZ-51292640010,2,REFUG,"Von Uwe Mauch

Weltweit seien Menschen im vergangenen Jahr unterwegs gewesen, weil sie zum ""Spielball unterschiedlicher Machthaber"" geworden seien, sagte Vizepräsident Klemens Ficht in der Jahrespressekonferenz des Regierungspräsidiums am Montagnachmittag. So wirke sich der Konflikt zwischen Belarus und der Europäischen Union aus. Allein seit Oktober seien 1000 [Gruppe 1] in der Landeserstaufnahmestelle (LEA) registriert worden. In ganz Baden-Württemberg waren es im vergangenen Jahr 18500, im Vorjahr waren es noch 8000. ""Wir sind aber weit weg von den Zahlen des Jahres 2015"", sagte Ficht. Ein Abebben sei allerdings nicht in Sicht.

Die Pandemie mache vor den Flüchtlingsunterkünften nicht Halt. ""Es ist uns gelungen, sie freizuhalten von großen Einträgen."" Und das, obwohl die Impfquote mit gut 20 Prozent deutlich unterdurchschnittlich ausfällt. ""Trotz vieler Angebote ist es schwierig, an sie heranzukommen."" Ficht sieht einen Grund auch in den dauernden Wechseln der Bewohnerinnen und Bewohner. Das Konzept, nur 60 Prozent der Kapazitäten zu belegen, um Abstände einhalten zu können, habe sich bewährt.","```
Label: **NO_CRIME_FRAME**
Explanation: Der Absatz thematisiert ausschließlich die **Ankunft und Unterbringung von [Gruppe 1]** sowie strukturelle Herausforderungen (Pandemie, Impfquoten, Wohnungswechsel), ohne Kriminalität, Sicherheitsbedrohungen oder abweichendes Verhalten zu assoziieren – die Gruppe wird als Opfer von Umständen (z. B. Konflikte, Pandemie) dargestellt.
```",NO_CRIME_FRAME,"Der Absatz thematisiert ausschließlich die **Ankunft und Unterbringung von [Gruppe 1]** sowie strukturelle Herausforderungen (Pandemie, Impfquoten, Wohnungswechsel), ohne Kriminalität, Sicherheitsbedrohungen oder abweichendes Verhalten zu assoziieren – die Gruppe wird als Opfer von Umständen (z. B. Konflikte, Pandemie) dargestellt."
