testset_id,group,error_type,text_block_en,label_robin,label_marmee,fewshot_label,fewshot_explanation,agreed_label,final_human_label,fewshot_raw
14,,human=CRIME_FRAME_NEG model=NO_CRIME_FRAME,"Die Einwohner des Stadtteils Chloraka monieren, dort habe sich eine Art Getto gebildet, in dem Hunderte [Gruppe 1] und [Gruppe 1] lebten und die Polizei die Kontrolle verloren habe, berichteten zyprische Medien übereinstimmend.

Die EU-Inselrepublik Zypern bittet immer wieder die anderen EU-Mitgliedstaaten darum, auf der Insel angekommene Schutzsuchende aufzunehmen. Allein im vergangenen Oktober und November sind auf Zypern nach Angaben des Innenministers Nikos Nouris 4000 [Gruppe 1] und [Gruppe 1] angekommen. Im gesamten Jahr 2021 seien 12.000 Menschen hauptsächlich aus dem von türkischen Truppen besetzten Norden der Mittelmeerinsel in den Süden gelangt.

Meiste Asylanträge der EU im Jahr 2020",CRIME_FRAME_NEG,CRIME_FRAME_NEG,NO_CRIME_FRAME,"Der Text erwähnt zwar die Bildung eines „Gettos“ und den Verlust von Polizeikontrolle, verknüpft dies jedoch nicht explizit mit Kriminalität, Straftaten, Sicherheitsbedrohungen oder konkreten Vorfällen der Gruppe – es handelt sich um eine allgemeine, nicht spezifizierte Kritik an sozialer Segregation. Zudem findet die Handlung außerhalb Deutschlands statt, ohne Bezug zur deutschen inneren Sicherheit.",,CRIME_FRAME_NEG,"Label: **NO_CRIME_FRAME**
Explanation: Der Text erwähnt zwar die Bildung eines „Gettos“ und den Verlust von Polizeikontrolle, verknüpft dies jedoch nicht explizit mit Kriminalität, Straftaten, Sicherheitsbedrohungen oder konkreten Vorfällen der Gruppe – es handelt sich um eine allgemeine, nicht spezifizierte Kritik an sozialer Segregation. Zudem findet die Handlung außerhalb Deutschlands statt, ohne Bezug zur deutschen inneren Sicherheit."
21,REFUG,human=CRIME_FRAME_NEG model=NO_CRIME_FRAME,"DRESDEN. Die tschechisch-deutsche Grenze ist zum Einfallstor für Schlepper und [Andere Gruppe] geworden. Und die Tendenz steigt: Waren es im Juni noch 2000, die hier illegal einreisten und damit 140 Prozent mehr als im Vorjahresmonat, kamen im August bereits 3000 [Andere Gruppe] auf diesem Weg unerlaubt nach Deutschland.

Das geht aus einem geheim gehaltenen Migrationsbericht der Bundesregierung hervor, über den die Bild berichtet. Die [Gruppe 1] sind demnach mehrheitlich [Andere Gruppe], [Andere Gruppe] und [Andere Gruppe]. Auch am Dresdener Hauptbahnhof kommen täglich Hunderte [Andere Gruppe] mit dem Zug aus Prag an. Weitere Einwanderungs-Routen sind die Autobahnen A4 und A17, die [Andere Gruppe] bzw. Tschechien mit Deutschland verbinden.

Bundespolizei fordert Grenzkontrollen",CRIME_FRAME_NEG,CRIME_FRAME_NEG,NO_CRIME_FRAME,"Der Text verknüpft die Gruppe zwar mit illegaler Einreise, aber nicht mit konkreter Kriminalität, Gewalt, Terrorismus, Verdacht oder Sicherheitsbedrohungen – es wird lediglich die *illegale Einwanderung* als solche thematisiert, ohne weitere Straftaten oder kriminelle Handlungen zu nennen. Schleuser werden erwähnt, aber nicht als Teil der Gruppe dargestellt.",,CRIME_FRAME_NEG,"Label: **NO_CRIME_FRAME**

Explanation: Der Text verknüpft die Gruppe zwar mit illegaler Einreise, aber nicht mit konkreter Kriminalität, Gewalt, Terrorismus, Verdacht oder Sicherheitsbedrohungen – es wird lediglich die *illegale Einwanderung* als solche thematisiert, ohne weitere Straftaten oder kriminelle Handlungen zu nennen. Schleuser werden erwähnt, aber nicht als Teil der Gruppe dargestellt."
30,RUS,human=CRIME_FRAME_NEG model=NO_CRIME_FRAME,"Der neue ukrainische Botschafter in Deutschland, Oleksii Makeiev, hat Deutschland davor gewarnt, russische Kriegsdienstverweigerer aufzunehmen.

„Da fliehen junge Männer, die nichts bereuen, sich trotzdem vor dem Militärdienst drücken wollen und am Ende Russlandfahnen schwenkend in Autokorsos durch deutsche Städte fahren“, sagte Makeiev der Bild am Sonntag. „Diese [Gruppe 1] sind ein Sicherheitsrisiko, nicht nur für Deutschland, sondern auch für alle jungen [Andere Gruppe] mit ihren Kindern, die am Ende in Flüchtlingsunterkünften diesen Männern gegenübersitzen müssten. Es wäre falsch von Deutschland, russische Deserteure aufzunehmen.“

Gleichzeitig bekräftigte Makeiev die Ablehnung von Verhandlungen mit dem russischen Präsidenten Wladimir Putin. „Wir werden mit Putin keine Verhandlungen führen“, sagte Makeiev. „Unsere Verhandlungen der vergangenen acht Jahre haben dazu geführt, dass nicht mehr sieben, sondern 20 Prozent unseres Territoriums unter russischer Besatzung stehen.“ Tausende [Andere Gruppe] seien seit Verhandlungsbeginn vor acht Jahren von [Gruppe 1] getötet, unzählige vergewaltigt und gefoltert worden. „Wie viele Butschas müssen wir der Welt noch zeigen, damit allen klar wird, dass man mit den [Gruppe 1] nicht reden kann?“",CRIME_FRAME_NEG,CRIME_FRAME_NEG,NO_CRIME_FRAME,"Der Text verknüpft die Gruppe **[Gruppe 1]** zwar mit einer *mutmaßlichen* Sicherheitsbedrohung (Kriegsdienstverweigerer, die „Russlandfahnen schwenkend“ durch deutsche Städte fahren könnten), jedoch handelt es sich um eine **außerhalb Deutschlands stattfindende Bedrohung** (Kriegskontext, geopolitische Konflikte) ohne expliziten Bezug zur *inneren Sicherheit Deutschlands* oder konkreten Straftaten im Inland. Zudem ist die Darstellung eine **Warnung des ukrainischen Botschafters** (keine deutsche Sicherheitsbehörde) und keine direkte Zuschreibung von Kriminalität oder Gewalt durch die Gruppe selbst.",,CRIME_FRAME_NEG,"Label: **NO_CRIME_FRAME**

Explanation: Der Text verknüpft die Gruppe **[Gruppe 1]** zwar mit einer *mutmaßlichen* Sicherheitsbedrohung (Kriegsdienstverweigerer, die „Russlandfahnen schwenkend“ durch deutsche Städte fahren könnten), jedoch handelt es sich um eine **außerhalb Deutschlands stattfindende Bedrohung** (Kriegskontext, geopolitische Konflikte) ohne expliziten Bezug zur *inneren Sicherheit Deutschlands* oder konkreten Straftaten im Inland. Zudem ist die Darstellung eine **Warnung des ukrainischen Botschafters** (keine deutsche Sicherheitsbehörde) und keine direkte Zuschreibung von Kriminalität oder Gewalt durch die Gruppe selbst."
32,JUDE,human=CRIME_FRAME_NEG model=NO_CRIME_FRAME,"Fr., 03.06.2022, 11.55 Uhr

Paraden von Homosexuellen sind in Israel eigentlich nichts Ungewöhnliches mehr, doch in der konservativen Hauptstadt Jerusalem gibt es immer wieder Proteste gegen den bunten Aufzug. 2015 wurde sogar eine Teilnehmer von einem ultraorthodoxen [Gruppe 1] erstochen.",CRIME_FRAME_NEG,CRIME_FRAME_NEG,NO_CRIME_FRAME,"Die Gruppe wird zwar als Täterin eines Mordes erwähnt, aber der Vorfall fand **nicht in Deutschland** statt, und es wird **kein expliziter Bezug zur deutschen inneren Sicherheit** hergestellt.",,CRIME_FRAME_NEG,"Label: **NO_CRIME_FRAME**
Explanation: Die Gruppe wird zwar als Täterin eines Mordes erwähnt, aber der Vorfall fand **nicht in Deutschland** statt, und es wird **kein expliziter Bezug zur deutschen inneren Sicherheit** hergestellt."
44,MIGR,human=CRIME_FRAME_NEG model=NO_CRIME_FRAME,"Video zeigt Operation an Grenze Belarus schleust [Gruppe 1] nach Litauen ein

Die Behörden in Vilnius veröffentlichten ein Video, das die belarussische Spezialoperation zeigen soll.",CRIME_FRAME_NEG,CRIME_FRAME_NEG,NO_CRIME_FRAME,"Die Handlung findet außerhalb Deutschlands statt (Belarus/Litauen), und es wird keine direkte Bedrohung der deutschen inneren Sicherheit oder ein expliziter Bezug zu Deutschland hergestellt. Zudem ist die Gruppe hier nicht als Täter oder Sicherheitsrisiko für Deutschland dargestellt, sondern als Objekt einer fremden Staatsoperation.",,CRIME_FRAME_NEG,"Label: **NO_CRIME_FRAME**
Explanation: Die Handlung findet außerhalb Deutschlands statt (Belarus/Litauen), und es wird keine direkte Bedrohung der deutschen inneren Sicherheit oder ein expliziter Bezug zu Deutschland hergestellt. Zudem ist die Gruppe hier nicht als Täter oder Sicherheitsrisiko für Deutschland dargestellt, sondern als Objekt einer fremden Staatsoperation."
50,REFUG,human=CRIME_FRAME_NEG model=NO_CRIME_FRAME,"Dresden (dpa/sn) - Knapp anderthalb Jahre nach dem gewaltsamen Tod eines jungen Mannes im Plattenbauviertel Gorbitz muss sich ein 22-Jähriger wegen Mordes am Landgericht Dresden verantworten. Die Staatsanwaltschaft wirft ihm laut der am Dienstag verlesenen Anklage zudem versuchten Totschlag, gefährliche Körperverletzung und Diebstahl vor. Danach soll der [Andere Gruppe] aus Afghanistan den gleichaltrigen Landsmann nach einem Streit am 27. Juni 2021 getötet haben, um die anderen Staftaten zu vertuschen. Er hatte sich Stunden später gestellt und Angaben gemacht, seitdem schweigt er. Sein Verteidiger sagte, sein Mandant wolle sich nicht äußern.

Nach Überzeugung der Staatsanwaltschaft hat der Angeklagte seinem Bekannten in der Nacht in dessen Wohnung zunächst ein Messer in den Hals gerammt, dabei eine Schlagader durchtrennt und dann mindestens 100 Euro gestohlen. Er habe das Geld verspielt, sei drei Stunden später zurückgekommen und habe das Opfer mit einem Gürtel erdrosselt. Ein Kommissar fand am Morgen die Leiche verdeckt unter Decken und Kissen neben dem Schlafsofa. Die beiden [Gruppe 1] hatten sich in Deutschland kennengelernt.

Der Prozess wird am Donnerstag fortgesetzt, bis Mitte Dezember sind weitere acht Verhandlungstage geplant.",CRIME_FRAME_NEG,CRIME_FRAME_NEG,NO_CRIME_FRAME,"Die Gruppe wird im Text **nicht als Täter oder Verdächtige** dargestellt – der Täter gehört explizit zur **[Andere Gruppe]**, während die **[Gruppe 1]** nur als Opfer (Landsmann des Täters) erwähnt wird. Die Kriminalität ist nicht mit der **[Gruppe 1]** verknüpft.",,CRIME_FRAME_NEG,"Label: **NO_CRIME_FRAME**

Explanation: Die Gruppe wird im Text **nicht als Täter oder Verdächtige** dargestellt – der Täter gehört explizit zur **[Andere Gruppe]**, während die **[Gruppe 1]** nur als Opfer (Landsmann des Täters) erwähnt wird. Die Kriminalität ist nicht mit der **[Gruppe 1]** verknüpft."
55,UKR,human=CRIME_FRAME_NEG model=NO_CRIME_FRAME,"Grund zur Beruhigung ist das nicht. Nach Einschätzungen von Expertinnen und Experten ist die Bedrohungslage für ankommende [Gruppe 1] sehr real. Die Sozialarbeiterin und Frauenrechtlerin Sabine Constabel macht in einem Interview mit den Stuttgarter Nachrichten auf die besondere Form der Ansprache von [Andere Gruppe] Frauen aufmerksam: „Die Befürchtung ist, dass da auch Menschenhändler, so genannte Loverboys, unterwegs sind, die erst mal sehr nett zu den Frauen sind, sich um sie kümmern, vielleicht sogar die Sprache sprechen, aber irgendwann eine Gegenleistung einfordern und zu Zuhältern werden.“

Auch die Aktivistin Huschke Mau sieht diese Gefahr und warnt in sozialen Medien sowohl vor Männern, die momentan versuchen würden, sich eine „Privatprostituierte“ zuzulegen, als auch vor organisierter Zuhälterei. Schon bald, so ihre Vorhersage, würden [Andere Gruppe] [Gruppe 1] in deutschen Bordellen arbeiten.

„Bordell Europas“: Prostitution und Sexarbeit in Deutschland",CRIME_FRAME_NEG,CRIME_FRAME_NEG,NO_CRIME_FRAME,"Der Text verknüpft explizit **[Gruppe 1]** mit mutmaßlichen Straftaten (Menschenhandel, organisierte Zuhälterei, Zwangsprostitution) und stellt sie als potenzielle Opfer *und* als betroffene Gruppe einer kriminellen Bedrohung durch **[Andere Gruppe]** dar – gleichzeitig wird jedoch **[Gruppe 1]** indirekt als zukünftige Akteurin in der Prostitutionsbranche (und damit als potenziell betroffene Gruppe von Ausbeutung) genannt, ohne dass dies als Präventionsmaßnahme oder Opferrolle gerahmt wird. Die Warnungen vor „Loverboys“ und organisierter Kriminalität zielen auf **[Gruppe 1]** als *Zielgruppe* von Straftaten, aber die Formulierung *„[Andere Gruppe] [Gruppe 1] in deutschen Bordellen arbeiten“* deutet eine **Generalverdachtslogik** an, die **[Gruppe 1]** als potenziell in kriminelle Strukturen eingebundene Gruppe darstellt – selbst wenn dies nicht explizit als Täterschaft, sondern als *Folge* von Ausbeutung formuliert ist.",,CRIME_FRAME_NEG,"Label: **CRIME_FRAME_NEG**
Explanation: Der Text verknüpft explizit **[Gruppe 1]** mit mutmaßlichen Straftaten (Menschenhandel, organisierte Zuhälterei, Zwangsprostitution) und stellt sie als potenzielle Opfer *und* als betroffene Gruppe einer kriminellen Bedrohung durch **[Andere Gruppe]** dar – gleichzeitig wird jedoch **[Gruppe 1]** indirekt als zukünftige Akteurin in der Prostitutionsbranche (und damit als potenziell betroffene Gruppe von Ausbeutung) genannt, ohne dass dies als Präventionsmaßnahme oder Opferrolle gerahmt wird. Die Warnungen vor „Loverboys“ und organisierter Kriminalität zielen auf **[Gruppe 1]** als *Zielgruppe* von Straftaten, aber die Formulierung *„[Andere Gruppe] [Gruppe 1] in deutschen Bordellen arbeiten“* deutet eine **Generalverdachtslogik** an, die **[Gruppe 1]** als potenziell in kriminelle Strukturen eingebundene Gruppe darstellt – selbst wenn dies nicht explizit als Täterschaft, sondern als *Folge* von Ausbeutung formuliert ist.

**Klarstellende Präzisierung**:
- **Kein NO_CRIME_FRAME**, weil **[Gruppe 1]** nicht *ausschließlich* als Opfer dargestellt wird, sondern als Gruppe, die durch **[Andere Gruppe]** in kriminelle Kontexte (Prostitution, Menschenhandel) *hineingezogen* wird – was eine **implizite Bedrohungszuschreibung** an **[Gruppe 1]** als „Risikogruppe“ für Kriminalität darstellt.
- **Kein CRIME_FRAME_POS**, weil keine präventiven Maßnahmen oder Differenzierungen genannt werden, sondern eine **Bedrohungsnarrative** dominiert, die **[Gruppe 1]** mit organisierter Kriminalität verknüpft.
- **CRIME_FRAME_NEG** ist gerechtfertigt, da der Text **[Gruppe 1]** als **betroffene Gruppe in einem kriminellen Kontext** (Zuhälterei, Menschenhandel) positioniert – selbst wenn die Täter **[Andere Gruppe]** sind. Die Warnung vor „[Andere Gruppe] [Gruppe 1] in Bordellen“ unterstellt eine **kriminelle Einbindung** oder zumindest eine **hohe Anfälligkeit** für Ausbeutung, was als **negativer Sicherheitsrahmen** gewertet wird.

---
*Hinweis*: Falls **[Gruppe 1]** *ausschließlich* als **Opfer** ohne jede Andeutung von Täterschaft oder Mitverantwortung dargestellt worden wäre (z. B. „[Gruppe 1]-Frauen werden von Loverboys ausgebeutet“), wäre **NO_CRIME_FRAME** korrekt gewesen. Hier jedoch wird die Gruppe mit einem **kriminellen Kontext** assoziiert – wenn auch nicht als aktive Täter."
95,,human=CRIME_FRAME_NEG model=NO_CRIME_FRAME,"Ukrainischer Botschafter gegen Asyl für Kriegsdienstverweigerer

Der neue ukrainische Botschafter in Berlin, Oleksii Makeiev, hat vor der Aufnahme russischer Kriegsdienstverweigerer gewarnt. „Es wäre falsch von Deutschland, russische Deserteure aufzunehmen“, sagte der der „Bild am Sonntag“. Er nannte diese [Gruppe 1] ein Sicherheitsrisiko.

Die [Andere Gruppe] vor der vom russischen Präsidenten Wladimir Putin angeordneten Teilmobilmachung seien „junge Männer, die nichts bereuen“, sich aber vor dem Militärdienst drücken wollten, sagte der Makeiev. Die Bundesregierung hatte Mitte Oktober erklärt, die Entscheidungspraxis des Bundesamtes für Migration und [Andere Gruppe] zur Aufnahme russischer Kriegsdienstverweigerer werde aktuell überprüft.",CRIME_FRAME_NEG,CRIME_FRAME_NEG,NO_CRIME_FRAME,"**Label:** NO_CRIME_FRAME

**Explanation:** Der Text verknüpft die Gruppe ([Gruppe 1] = russische Kriegsdienstverweigerer) nicht mit konkreter Kriminalität, Sicherheit, Gewalt oder Terrorismus in Deutschland, sondern mit einem **Kriegskontext** (Ukraine-Krieg) und einer politischen Bewertung durch den ukrainischen Botschafter. Die Warnung vor einem „Sicherheitsrisiko“ bezieht sich auf eine **außerhalb Deutschlands stattfindende Situation** (Flucht vor russischer Mobilmachung) und stellt die Gruppe nicht als aktive Bedrohung der deutschen inneren Sicherheit dar. Zudem wird keine Straftat, kein Verdacht oder keine Ermittlung in Deutschland erwähnt.",,CRIME_FRAME_NEG,"**Label:** NO_CRIME_FRAME

**Explanation:** Der Text verknüpft die Gruppe ([Gruppe 1] = russische Kriegsdienstverweigerer) nicht mit konkreter Kriminalität, Sicherheit, Gewalt oder Terrorismus in Deutschland, sondern mit einem **Kriegskontext** (Ukraine-Krieg) und einer politischen Bewertung durch den ukrainischen Botschafter. Die Warnung vor einem „Sicherheitsrisiko“ bezieht sich auf eine **außerhalb Deutschlands stattfindende Situation** (Flucht vor russischer Mobilmachung) und stellt die Gruppe nicht als aktive Bedrohung der deutschen inneren Sicherheit dar. Zudem wird keine Straftat, kein Verdacht oder keine Ermittlung in Deutschland erwähnt."
145,REFUG,human=CRIME_FRAME_NEG model=NO_CRIME_FRAME,"[[Wien – ][Was für ein furchtbares Martyrium musste Leonie (13) über sich ergehen lassen? Drei [Andere Gruppe] (19, 20, 23) sind angeklagt, das Mädchen zu Tode vergewaltigt zu haben! Die [Gruppe 1] stehen derzeit in Wien vor Gericht.]]

[[Wie brutal das Trio vorging, offenbart jetzt der Obduktionsbericht. ]]",CRIME_FRAME_NEG,CRIME_FRAME_NEG,NO_CRIME_FRAME,"Die Gruppe wird im Text nicht als Täterin oder mit Kriminalität verknüpft, sondern als Opfer der Tat dargestellt. Die Täter gehören explizit der *Anderen Gruppe* an.",,CRIME_FRAME_NEG,"Label: **NO_CRIME_FRAME**

Explanation: Die Gruppe wird im Text nicht als Täterin oder mit Kriminalität verknüpft, sondern als Opfer der Tat dargestellt. Die Täter gehören explizit der *Anderen Gruppe* an."
161,REFUG,human=CRIME_FRAME_NEG model=NO_CRIME_FRAME,"Er kenne keinen Terroristen aus den vergangenen Jahren, der nicht zumindest irgendeine Art von psychischer Labilität aufgewiesen habe, so Mansour. Auch der rechtsextreme Attentäter von Hanau sei psychisch krank gewesen. Es gebe zwar auch Fälle von Personen, die tatsächlich nicht mehr zurechnungsfähig seien. Oft aber habe die Ideologie großen Einfluss auf das Tatmotiv.

Dass unter den Tätern häufig [Gruppe 1] sind, offenbart laut Experten auch ein strukturelles Problem: Der Bedarf an psychosozialer Betreuung ist hierzulande viel größer als das Angebot. Allein die Bundesweite Arbeitsgemeinschaft Psychosozialer Zentren für [Gruppe 1] und Folteropfer musste in den vergangenen Jahren Tausende Hilfesuchende ablehnen, weil ihnen Mittel fehlten.

Maximilian Bär, der Verteidiger von Abdalrahman A., sieht im Fall seines Mandanten bislang keine eindeutige Richtung. Es lägen sowohl Hinweise auf psychische Beeinträchtigungen zum Tatzeitpunkt vor als auch Hinweise auf islamistische Bezüge. „Die psychiatrischen Gutachter müssen im Prozess erklären, wie sie zu ihren Ergebnissen kommen und warum sie dem Erstgutachten nicht gefolgt sind. Ich bin überzeugt, mein Mandant ist psychisch krank und muss behandelt werden.“",CRIME_FRAME_NEG,CRIME_FRAME_NEG,NO_CRIME_FRAME,"**Label:** **NO_CRIME_FRAME**

**Explanation:** Der Text verknüpft zwar die Gruppe mit Terrorismus und psychischen Problemen, stellt sie aber **nicht als Täter, Verdächtige oder Sicherheitsrisiko** dar, sondern als **Opfer struktureller Versorgungslücken** (psychosoziale Betreuung) und thematisiert vor allem **fehlende Hilfsangebote** – nicht Kriminalität oder Prävention. Die Gruppe wird als **Betroffene von Gewalt oder Radikalisierung** (nicht als Urheberin) beschrieben, und der Fokus liegt auf **sozialer Ausgrenzung und fehlender Unterstützung**, nicht auf Täterschaft oder Bedrohung.",,CRIME_FRAME_NEG,"**Label:** **NO_CRIME_FRAME**

**Explanation:** Der Text verknüpft zwar die Gruppe mit Terrorismus und psychischen Problemen, stellt sie aber **nicht als Täter, Verdächtige oder Sicherheitsrisiko** dar, sondern als **Opfer struktureller Versorgungslücken** (psychosoziale Betreuung) und thematisiert vor allem **fehlende Hilfsangebote** – nicht Kriminalität oder Prävention. Die Gruppe wird als **Betroffene von Gewalt oder Radikalisierung** (nicht als Urheberin) beschrieben, und der Fokus liegt auf **sozialer Ausgrenzung und fehlender Unterstützung**, nicht auf Täterschaft oder Bedrohung."
193,GRC,human=CRIME_FRAME_NEG model=NO_CRIME_FRAME,"Spionage-Verdacht auch im Ausland

Erst Anfang der Woche hatte das österreichische Innenministerium mitgeteilt, ein 39-jähriger [Gruppe 1] sei als mutmaßlicher Spion des russischen Militärgeheimdienstes GRU enttarnt worden. Der Mann russischer Abstammung stehe im Verdacht, Informationen zu politischen und gesellschaftlichen Diskursen in Österreich im Zusammenhang mit dem russischen Angriffskrieg auf die Ukraine geliefert zu haben.

Beim BND selbst war zuletzt ein sogenannter Maulwurf – ein Doppelagent – im Jahr 2014 aufgeflogen. Zwei Jahre später war der Mann vom Münchner Oberlandesgericht wegen jahrelanger Spionage vor allem für den US-Geheimdienst CIA zu acht Jahren Haft verurteilt worden. Der damals 32-Jährige wurde des Landesverrats und der Verletzung von Dienstgeheimnissen schuldig gesprochen.",CRIME_FRAME_NEG,CRIME_FRAME_NEG,NO_CRIME_FRAME,"Die Gruppe wird zwar mit einem mutmaßlichen Spionageverdacht verbunden, jedoch findet die Handlung **ausschließlich im Ausland** (Österreich) statt, und es wird **kein expliziter Bezug zur deutschen inneren Sicherheit** hergestellt. Zudem handelt es sich um einen **geopolitischen Konflikt** (russischer Angriffskrieg auf die Ukraine), der nicht als Bedrohung der deutschen Sicherheit dargestellt wird.",,CRIME_FRAME_NEG,"Label: **NO_CRIME_FRAME**

Explanation: Die Gruppe wird zwar mit einem mutmaßlichen Spionageverdacht verbunden, jedoch findet die Handlung **ausschließlich im Ausland** (Österreich) statt, und es wird **kein expliziter Bezug zur deutschen inneren Sicherheit** hergestellt. Zudem handelt es sich um einen **geopolitischen Konflikt** (russischer Angriffskrieg auf die Ukraine), der nicht als Bedrohung der deutschen Sicherheit dargestellt wird."
206,HUN,human=CRIME_FRAME_NEG model=NO_CRIME_FRAME,"[Andere Gruppe] will sich der geplanten Kürzung von EU-Fördermitteln für [Gruppe 1] entgegenstellen. Der polnische Ministerpräsident Mateusz Morawiecki sagte am Sonntag vor Journalisten, sein Land werde sich „mit aller Kraft jedem Vorhaben der europäischen Institutionen widersetzen, auf absolut unzulässige Weise einem Mitgliedsland Mittel vorzuenthalten, im vorliegenden Fall [Gruppe 1]“. Die EU-Kommission hatte zuvor vorgeschlagen, wegen Korruptionsvorwürfen 7,5 Milliarden Euro an EU-Hilfen für [Gruppe 1] einzufrieren.

Brüssel wirft [Gruppe 1] unter anderem Korruption, Interessenkonflikte und massive Probleme bei der öffentlichen Auftragsvergabe und der Parteienfinanzierung vor. Eine Gruppe um den rechtspopulistischen Regierungschef Viktor Orban wird verdächtigt, sich zum Schaden des EU-Haushalts zu bereichern. Entscheiden müssten über die Kürzung letztlich die EU-Mitgliedsländer, die Kommission will Budapest aber noch die Möglichkeit zu Reformen geben. [Gruppe 1] hat nach Ansicht des Europaparlaments daher den Status einer Demokratie verwirkt.",CRIME_FRAME_NEG,CRIME_FRAME_NEG,NO_CRIME_FRAME,"Die Vorwürfe gegen [Gruppe 1] (Korruption, Interessenkonflikte, Missmanagement) beziehen sich auf politische und administrative Fehlverhalten in einem **ausländischen EU-Mitgliedsland** ohne expliziten Bezug zur **inneren Sicherheit Deutschlands** oder konkreten Straftaten im deutschen Kontext. Zudem handelt es sich um **politische Machtkämpfe und Haushaltsfragen der EU**, nicht um Kriminalität oder Sicherheitsbedrohungen im Sinne der Annotationsregeln.",,CRIME_FRAME_NEG,"Label: **NO_CRIME_FRAME**
Explanation: Die Vorwürfe gegen [Gruppe 1] (Korruption, Interessenkonflikte, Missmanagement) beziehen sich auf politische und administrative Fehlverhalten in einem **ausländischen EU-Mitgliedsland** ohne expliziten Bezug zur **inneren Sicherheit Deutschlands** oder konkreten Straftaten im deutschen Kontext. Zudem handelt es sich um **politische Machtkämpfe und Haushaltsfragen der EU**, nicht um Kriminalität oder Sicherheitsbedrohungen im Sinne der Annotationsregeln."
223,MIGR,human=CRIME_FRAME_NEG model=NO_CRIME_FRAME,"Polizei in Nikosia (Symbolbild): Die Bereitschaftspolizei der Insel Zypern hat Warnschüsse gegen [Gruppe 1] abgefeuert. (Quelle: George Christophorou/imago-images-bilder)

Die Lage auf Zypern droht, außer Kontrolle zu geraten: In nur zwei Monaten sind auf der Insel Tausende [Gruppe 1] angekommen, die Polizei scheint überfordert. In einem Aufnahmelager kam es nun zu Ausschreitungen.

Die Bereitschaftspolizei der Insel Zypern hat Warnschüsse abgefeuert, um eine Gruppe von rund 200 [Gruppe 1] in der Ferienstadt Paphos auseinander zu treiben. Fast zeitgleich kam es am späten Dienstagabend Polizeiangaben nach in einem Aufnahmelager nahe der Hauptstadt Nikosia zu Ausschreitungen zwischen Bewohnern. In beiden Fällen wurden die Polizisten demnach mit Steinen beworfen.",CRIME_FRAME_NEG,CRIME_FRAME_NEG,NO_CRIME_FRAME,"Die Ereignisse finden **außerhalb Deutschlands** (Zypern) statt, und es wird kein expliziter Bezug zur deutschen inneren Sicherheit hergestellt. Zudem handelt es sich um **Ausschreitungen in einem Aufnahmelager** (Steinwürfe), bei denen die Gruppe als **Opfer von Überforderung und Gewalt** (durch die Polizei) dargestellt wird, nicht als Täter oder Sicherheitsrisiko für Deutschland.",,CRIME_FRAME_NEG,"Label: **NO_CRIME_FRAME**

Explanation: Die Ereignisse finden **außerhalb Deutschlands** (Zypern) statt, und es wird kein expliziter Bezug zur deutschen inneren Sicherheit hergestellt. Zudem handelt es sich um **Ausschreitungen in einem Aufnahmelager** (Steinwürfe), bei denen die Gruppe als **Opfer von Überforderung und Gewalt** (durch die Polizei) dargestellt wird, nicht als Täter oder Sicherheitsrisiko für Deutschland."
227,IDN,human=CRIME_FRAME_NEG model=NO_CRIME_FRAME,"Im Ferienparadies Bali starben im Jahr 2002 mehr als 200 Menschen bei einem islamistischen Anschlag. Der führende Kopf der Terrorgruppe konnte lange untertauchen – und muss nun ins Gefängnis.

Mehr als 19 Jahre nach dem Attentat auf zwei Nachtclubs auf der indonesischen Ferieninsel Bali hat ein Gericht ein ranghohes Mitglied der verantwortlichen Terrororganisation am Mittwoch zu 15 Jahren Haft verurteilt. Aris Sumarsono, besser bekannt unter seinem Kampfnamen Zulkarnaen, soll eine Schlüsselposition in der islamistischen Jemaah Islamiyah (JI) innegehabt haben, die den Anschlag mit 202 Toten im Jahr 2002 geplant und ausgeführt hat. Er hatte Jahre lang zu den meistgesuchten [Gruppe 1] gehört und war erst im Dezember 2020 in der Region Lampung auf der Insel Sumatra verhaftet worden. Vor Gericht gab er zwar zu, dass der Anschlag von einer Zelle der Terrororganisation verübt worden sei, die er damals angeführt hat. Jedoch bestritt er, an den Planungen direkt beteiligt gewesen zu sein.

Die Richter sahen es aber als erwiesen an, dass er einem Terroranschlag auf Bali zugestimmt habe und deshalb schuldig sei. Zudem sei seine Terrorzelle auch für andere Taten verantwortlich, darunter für eine Attacke auf die philippinische Botschaft zwei Jahre vor den Bali-Attentaten und Bombenanschlägen auf mehrere Kirchen. Seine Zelle, die seinen Angaben nach wie eine Miliz eher militärisch organisiert gewesen sei, habe außerdem die ethnisch-religiöse Gewalttaten auf den Inseln Sulawesi und den Molukken angefacht. Die JI, damals eine der aktivsten Terrororganisationen in Südostasien, arbeitete einst eng mit Al-Qaida zusammen.",CRIME_FRAME_NEG,CRIME_FRAME_NEG,NO_CRIME_FRAME,"Die im Text beschriebene Terrororganisation und die Straftaten finden **ausschließlich außerhalb Deutschlands** statt, ohne dass ein expliziter Bezug zur deutschen inneren Sicherheit hergestellt wird (z. B. Täter mit Wohnsitz in Deutschland, direkte Bedrohung für Deutschland oder Beteiligung deutscher Behörden).",,CRIME_FRAME_NEG,"Label: **NO_CRIME_FRAME**

Explanation: Die im Text beschriebene Terrororganisation und die Straftaten finden **ausschließlich außerhalb Deutschlands** statt, ohne dass ein expliziter Bezug zur deutschen inneren Sicherheit hergestellt wird (z. B. Täter mit Wohnsitz in Deutschland, direkte Bedrohung für Deutschland oder Beteiligung deutscher Behörden)."
7,ISLMST,human=CRIME_FRAME_NEG model=NO_CRIME_FRAME,"Öffentliches Leben weiter eingeschränkt

Mit weiteren Anordnungen schränkten die [Gruppe 1] in dieser Woche das öffentliche Leben in dem Land noch mehr ein: So dürfen [Andere Gruppe] künftig ohne einen männlichen Begleiter nicht mehr fliegen. Die Taliban wiesen Fluglinien im Land an, an Frauen ohne Begleiter keine Tickets mehr zu verkaufen, wie aus einem Dokument hervorging, das der Deutschen Presse-Agentur vorlag. Zudem dürfen in der Hauptstadt Kabul und Umgebung Freizeitparks nur noch nach Geschlecht getrennt besucht werden: von Frauen sonntags bis dienstags, von Männern mittwochs bis samstags. Das gab das Ministerium für die Förderung der Tugend und Verhinderung des Lasters am Sonntag bekannt.

Seit ihrer Rückkehr an die Macht Mitte August 2021 haben die Taliban immer strengere Vorschriften für das öffentliche Leben erlassen. So sollen Frauen ohne männliche Begleitperson nicht weiter als 45 Meilen (etwa 72 Kilometer) reisen dürfen. Frauen können in vielen Fällen nicht mehr zurück an ihre Arbeitsplätze. Während der ersten Herrschaft der Taliban von 1996 bis 2001 waren Frauen und Mädchen praktisch vollständig von Bildung und Arbeit außerhalb ihres Hauses ausgeschlossen. Westliche Länder machen eine Anerkennung der Taliban-Regierung unter anderem von Fortschritten bei Frauenrechten abhängig.",CRIME_FRAME_NEG,CRIME_FRAME_NEG,NO_CRIME_FRAME,"Der Text beschreibt autoritäre Maßnahmen der Taliban-Regierung in Afghanistan, die sich auf Frauenrechte und öffentliche Ordnung beziehen, aber **keine explizite Verknüpfung mit Kriminalität, innerer Sicherheit Deutschlands oder konkreten Straftaten** herstellen. Zudem handelt es sich um einen **Kriegs- und Geopolitikkontext außerhalb Deutschlands**, der nicht als Bedrohung der deutschen Sicherheit dargestellt wird.",,CRIME_FRAME_NEG,"Label: **NO_CRIME_FRAME**
Explanation: Der Text beschreibt autoritäre Maßnahmen der Taliban-Regierung in Afghanistan, die sich auf Frauenrechte und öffentliche Ordnung beziehen, aber **keine explizite Verknüpfung mit Kriminalität, innerer Sicherheit Deutschlands oder konkreten Straftaten** herstellen. Zudem handelt es sich um einen **Kriegs- und Geopolitikkontext außerhalb Deutschlands**, der nicht als Bedrohung der deutschen Sicherheit dargestellt wird."
22,,human=CRIME_FRAME_NEG model=NO_CRIME_FRAME,"Putins blutiger Schatten

Der Sohn eines Verräters, der andere Verräter verriet, ist ""Putins blutiger Schatten"", devot bis zum Kniefall vor dem Mann im Kreml, zu dessen Wohlgefallen er zuletzt sogar den Operettentitel als ""Präsident"" der 1,2-Millionen-Region zwischen Georgien und Dagestan ablegte, weil nur ein Herrscher in Russland Präsident sein könne, nämlich Putin. Seitdem lässt sich der beinharte [Gruppe 1] ""Oberhaupt"" nennen, eine Bezeichnung, die den Regierungsstil des zwölffachen Vaters perfekt beschreibt: Für Kadyrow ist Tschetschenien, eine Republik mit einer mehrheitlich muslimischen Bevölkerung, Machtbasis und Familienbesitz, privates Lehen und sicherer Rückzugsort vor den Nachstellungen seiner Gegner, die er in der Vergangenheit reihenweise ermorden lassen haben soll.

Zwei Jahrzehnte, nachdem sein Vater sich entschloss, der Unabhängigkeitsbewegung gegen Russland den Rücken zu kehren und stattdessen als russischer Stadthalter von Putins Gnaden als absoluter Herrscher in Grosny zu regieren, hat sein Erbe die Taktiken des Vaters perfektioniert, der 2004 von islamistischen Rebellen ermordet worden war. Seit Ramsan Kadyrow 2007 seine Nachfolge antrat, herrscht er mit einer Mischung aus religiösem Fundamentalismus und Statthalter-Brutalität. Der Einfall der [Andere Gruppe] in die Ukraine hat für ihn keine Parallelität mit deren Vergeltungsfeldzug gegen das Kaukasus-Emirat namens Tschetschenische Republik Itschkerien, sondern ist Teil einer notwendigen Strategie zur Wiedererschaffung eines russischen Großreiches.",CRIME_FRAME_NEG,CRIME_FRAME_NEG,NO_CRIME_FRAME,"**Label:** NO_CRIME_FRAME

**Explanation:** Der Text beschreibt zwar Gewalt, Machtmissbrauch und politische Repression durch Ramsan Kadyrow in Tschetschenien, aber es handelt sich um einen **geopolitischen Konflikt außerhalb Deutschlands** (Kriegshandlungen, Repressionen durch eine ausländische Regierung), der nicht mit der inneren Sicherheit Deutschlands oder einer konkreten Bedrohung durch die Gruppe in Deutschland verknüpft ist. Zudem wird die Gruppe nicht als Täter oder Sicherheitsrisiko für Deutschland dargestellt, sondern als Opfer von Gewalt und Unterdrückung durch den eigenen Herrscher.",,CRIME_FRAME_NEG,"**Label:** NO_CRIME_FRAME

**Explanation:** Der Text beschreibt zwar Gewalt, Machtmissbrauch und politische Repression durch Ramsan Kadyrow in Tschetschenien, aber es handelt sich um einen **geopolitischen Konflikt außerhalb Deutschlands** (Kriegshandlungen, Repressionen durch eine ausländische Regierung), der nicht mit der inneren Sicherheit Deutschlands oder einer konkreten Bedrohung durch die Gruppe in Deutschland verknüpft ist. Zudem wird die Gruppe nicht als Täter oder Sicherheitsrisiko für Deutschland dargestellt, sondern als Opfer von Gewalt und Unterdrückung durch den eigenen Herrscher."
34,GEO,human=CRIME_FRAME_NEG model=NO_CRIME_FRAME,"""Ich kann nicht beurteilen, wer den Druck gemacht hat. Ich sehe nur, dass von Anfang an nur eine Version immer im Gespräch war"", sagte er der Deutschen Presse-Agentur mit Blick auf die Einschätzung des Gerichts, dass staatliche Stellen in Russland den Mord in Auftrag gegeben haben. ""Es gab sehr viel Lärm um diesen Prozess. Es gab aber keine überzeugenden Beweise für eine Verwicklung staatlicher russischer Stellen in den Mord.""

Netschajew bekräftigte auch die Vorwürfe, die der russische Präsidenten Wladimir Putin bereits vor zwei Jahren gegen das Mordopfer - einen [Gruppe 1] tschetschenischer Abstammung - erhoben hat. ""Präsident Putin hat gesagt, er sei ein Terrorist, er stecke bis zu den Ellenbogen im Blut"", sagte er. Indirekt kritisierte Netschajew auch, dass der Mann sich in Deutschland aufhalten durfte. ""Der getötete Mann hat viele Menschen auf dem Gewissen und er hatte deswegen natürlich auch viele Feinde. Er hat ein Domizil in Deutschland gefunden - trotz all seiner Sünden und Verbrechen - und wurde ermordet."" Staatliche russische Stellen hätten damit aber nichts zu tun.

Erstes Todesopfer: Über 100 Schülerinnen in Iran vergiftet""Sind noch nicht so weit, es anzukündigen"": Mit 81: Biden will 2024 erneut antretenTödliche Schüsse bei Anti-Rassismus-Demo: Top-Republikaner will Mörder begnadigen",CRIME_FRAME_NEG,CRIME_FRAME_NEG,NO_CRIME_FRAME,"Die Gruppe wird hier als **Opfer** eines Mordes dargestellt, und die Kriminalität (Mord) wird explizit **nicht** mit der Gruppe selbst verknüpft, sondern mit externen Akteuren (staatliche russische Stellen, mutmaßliche Feinde). Zudem wird der Kontext als **geopolitischer Konflikt** (Russland) ohne Bezug zur deutschen inneren Sicherheit oder Kriminalitätsprävention dargestellt.",,CRIME_FRAME_NEG,"Label: **NO_CRIME_FRAME**

Explanation: Die Gruppe wird hier als **Opfer** eines Mordes dargestellt, und die Kriminalität (Mord) wird explizit **nicht** mit der Gruppe selbst verknüpft, sondern mit externen Akteuren (staatliche russische Stellen, mutmaßliche Feinde). Zudem wird der Kontext als **geopolitischer Konflikt** (Russland) ohne Bezug zur deutschen inneren Sicherheit oder Kriminalitätsprävention dargestellt."
36,KURD,human=CRIME_FRAME_NEG model=NO_CRIME_FRAME,"Dem IS spielen die Entwicklungen in der Region in die Hände

Die Ablenkung durch den Krieg in Osteuropa ist nicht das einzige Problem für den westlichen Antiterrorkampf. Dem IS spielen auch die Entwicklungen in seinem Kernland in der Levante in die Hände. Die Terrororganisation profitiert davon, dass dort der Staatszerfall voranschreitet und die wirtschaftliche Not der Bevölkerung zunimmt. In Syrien ist die Lage besonders dramatisch. Machthaber Assad presst sein geschundenes Land weiter unerbittlich aus, zugleich sind seine Sicherheitskräfte ausgeblutet. Im Nordosten, der von kurdischen Kräften kontrolliert wird, herrscht neben wirtschaftlicher Not auch Unmut in der arabischen Bevölkerung über die Dominanz der [Gruppe 1]. Der IS nutzte das schon aus, als er Ende Januar in Hassakeh ein behelfsmäßiges Gefängnis angriff und die Stadt über Tage ins Chaos stürzte.

Im Irak wiederum läuft zwar gerade eine groß angelegte Militäroperation gegen den IS, aber die Politik ist zugleich gelähmt von inneren Machtkämpfen. Und im Libanon, wo es länger vergleichsweise ruhig um den IS war, mehrten sich zuletzt beunruhigende Meldungen. Dutzende junger Männer aus den Armenvierteln der Hafenstadt Tripoli verschwanden; einige wurden als getötete IS-Kämpfer im Irak wiedergefunden. „Ich und meine Freunde hören immer wieder, dass Leute verschwinden, die arm sind. Einem Freund von mir wurden 2000 Dollar angeboten, um im Irak zu kämpfen“, berichtet ein junger Mann, der aus einem der dortigen Unterschichtenquartiere stammt.",CRIME_FRAME_NEG,CRIME_FRAME_NEG,NO_CRIME_FRAME,"Der Text beschreibt zwar die Aktivitäten des IS und dessen Verbindung zu [Gruppe 1] im Kontext von Gewalt und Terrorismus, jedoch findet die Handlung **ausschließlich außerhalb Deutschlands** statt, und es wird **kein expliziter Bezug zur deutschen inneren Sicherheit** hergestellt. Die Gruppe wird hier als **Opfer von Dominanzkonflikten** und als **Rekrutierungsfeld für den IS** dargestellt, nicht als selbst agierende Täterin oder Sicherheitsbedrohung für Deutschland.",,CRIME_FRAME_NEG,"Label: **NO_CRIME_FRAME**

Explanation: Der Text beschreibt zwar die Aktivitäten des IS und dessen Verbindung zu [Gruppe 1] im Kontext von Gewalt und Terrorismus, jedoch findet die Handlung **ausschließlich außerhalb Deutschlands** statt, und es wird **kein expliziter Bezug zur deutschen inneren Sicherheit** hergestellt. Die Gruppe wird hier als **Opfer von Dominanzkonflikten** und als **Rekrutierungsfeld für den IS** dargestellt, nicht als selbst agierende Täterin oder Sicherheitsbedrohung für Deutschland."
37,RUS,human=CRIME_FRAME_NEG model=NO_CRIME_FRAME,"Sumlenny nimmt die Argumentation auseinander: „Der Vorwurf, die ukrainische Armee baut ihre Kampfpositionen in der Nähe von Wohnhäusern aus, kann nicht halten. Es ist kein Krieg, in dem die russische Armee nur einfach um Territorium kämpft und wo die beiden Armeen einfach irgendwo außerhalb der Städte kämpfen könnten. Für die [Gruppe 1] geht es um Übernahme der Städte.“

Und: „Was mit den Zivilisten passiert, nachdem die [Gruppe 1] eine Stadt übernehmen, wissen wir aus Butscha und Irpin: Die Zivilisten werden vergewaltigt, gefoltert, exekutiert. Natürlich hat die ukrainische Armee ihre primäre Aufgabe, die Zivilisten zu schützen, und deswegen verteidigt die ukrainische Armee die Städte, auch in den Positionen, welche sich unmittelbar in den Städten befinden – zum Beispiel bei der Luftabwehr.“

Die Auflistung von Amnesty International: „Absurd!“",CRIME_FRAME_NEG,CRIME_FRAME_NEG,NO_CRIME_FRAME,"Der Text beschreibt Kriegshandlungen und Verbrechen im Kontext des Ukraine-Kriegs, die außerhalb Deutschlands stattfinden und keine direkte Verbindung zur deutschen inneren Sicherheit oder Kriminalität aufweisen. Zudem wird die Gruppe ([Gruppe 1]) als Akteurin in einem geopolitischen Konflikt dargestellt, nicht als Täterin oder Sicherheitsrisiko für Deutschland.",,CRIME_FRAME_NEG,"Label: **NO_CRIME_FRAME**
Explanation: Der Text beschreibt Kriegshandlungen und Verbrechen im Kontext des Ukraine-Kriegs, die außerhalb Deutschlands stattfinden und keine direkte Verbindung zur deutschen inneren Sicherheit oder Kriminalität aufweisen. Zudem wird die Gruppe ([Gruppe 1]) als Akteurin in einem geopolitischen Konflikt dargestellt, nicht als Täterin oder Sicherheitsrisiko für Deutschland."
53,MUSL,human=CRIME_FRAME_NEG model=NO_CRIME_FRAME,"Zur Wahl stehen am 24. April nun nicht nur zwei sehr verschiedene Kandidaten, sondern zwei Gesellschaftsmodelle: Macron sieht in einer engeren Zusammenarbeit der [Andere Gruppe] eine Chance für Frankreich, Le Pen hält sie für eine Bedrohung. Macron möchte die Grenzen des Schengenraums besser schützen, Marine Le Pen will den Schengenraum neu verhandeln. Die Frage ist, für welches Modell sich die [Andere Gruppe] entscheiden werden.

Wollen sie wirklich eine Präsidentin, die das Tragen eines Kopftuchs im öffentlichen Raum unter Strafe stellen will? 135 Euro sollen [Gruppe 1] zahlen, wenn sie das geplante Verbot ignorieren. Ob sie damit nicht gegen das Gebot der freien Religionsausübung verstoße, wurde sie in ihrem ersten Interview nach der Wahl am Dienstagmorgen im Radiosender »France Inter« gefragt.

»Das Kopftuch ist eine islamistische Uniform, keine muslimische Uniform. Es ist die Uniform einer Ideologie, nicht die einer Religion«, antwortete Le Pen.",CRIME_FRAME_NEG,CRIME_FRAME_NEG,NO_CRIME_FRAME,"Der Text verknüpft die Gruppe zwar mit einer politischen Forderung (Kopftuchverbot) und einer ideologischen Zuschreibung (""islamistische Uniform""), aber es liegt **keine explizite Verbindung zu Kriminalität, Sicherheit, Gewalt, Terrorismus, Verdacht oder Ermittlungen** vor. Die Aussage bezieht sich auf eine **politische Debatte über Religionsfreiheit und staatliche Regulierung**, nicht auf Straftaten oder Sicherheitsbedrohungen.",,CRIME_FRAME_NEG,"Label: **NO_CRIME_FRAME**
Explanation: Der Text verknüpft die Gruppe zwar mit einer politischen Forderung (Kopftuchverbot) und einer ideologischen Zuschreibung (""islamistische Uniform""), aber es liegt **keine explizite Verbindung zu Kriminalität, Sicherheit, Gewalt, Terrorismus, Verdacht oder Ermittlungen** vor. Die Aussage bezieht sich auf eine **politische Debatte über Religionsfreiheit und staatliche Regulierung**, nicht auf Straftaten oder Sicherheitsbedrohungen."
65,,human=CRIME_FRAME_NEG model=NO_CRIME_FRAME,"Doch dieses Eintreten für den Frieden mündet in noch mehr Krieg: ""Waffenlieferungen in Kriegsgebiete"" – bisher untersagt in Deutschland – müssen ab jetzt und in diesem Fall unbedingt sein. Die Außenministerin erinnert an unsere ""historische Verantwortung"", die ja bekanntermaßen darin besteht, dass Nazi-Deutschland die [Gruppe 1]:innen fast ausgerottet hatte.

Der Schluss daraus: Weil Putin ""unsere friedliche Ordnung"" angegriffen hat, müssen eben diese [Gruppe 1]:innen dringend zu einem Guerilla-Krieg gegen die russischen Invasoren ermutigt werden – für den Frieden natürlich!

Kein böses Wort übrigens gegen einen ukrainischen Präsidenten, der alle Männer zwischen 18 und 60, die vor dieser Hölle weglaufen wollen, festhält und zwingt, ihr Leben zu opfern für seine Machterhaltung. Kein böses Wort gegen polnische und rumänische Grenzer, die die ukrainischen Männer gewaltsam in ""ihr Vaterland"" zurücktreiben.",CRIME_FRAME_NEG,CRIME_FRAME_NEG,NO_CRIME_FRAME,"Der Text thematisiert einen **Kriegskontext (Ukraine-Konflikt)** und die **Legitimation von Waffenlieferungen sowie Guerilla-Aktionen**, ohne dass die Gruppe explizit mit innerdeutscher Kriminalität, Sicherheitsbedrohung, Terrorismus oder konkreten Straftaten in Deutschland verknüpft wird. Die Erwähnung von Gewalt (z. B. polnische/rumänische Grenzer) oder historischer Verantwortung (Holocaust) stellt die Gruppe nicht als Täter oder Sicherheitsrisiko dar, sondern als **Opfer oder potenzielle Widerstandskraft im Ausland**.",,CRIME_FRAME_NEG,"Label: **NO_CRIME_FRAME**
Explanation: Der Text thematisiert einen **Kriegskontext (Ukraine-Konflikt)** und die **Legitimation von Waffenlieferungen sowie Guerilla-Aktionen**, ohne dass die Gruppe explizit mit innerdeutscher Kriminalität, Sicherheitsbedrohung, Terrorismus oder konkreten Straftaten in Deutschland verknüpft wird. Die Erwähnung von Gewalt (z. B. polnische/rumänische Grenzer) oder historischer Verantwortung (Holocaust) stellt die Gruppe nicht als Täter oder Sicherheitsrisiko dar, sondern als **Opfer oder potenzielle Widerstandskraft im Ausland**."
66,,human=CRIME_FRAME_NEG model=NO_CRIME_FRAME,"Donezk. Das Oberste Gericht der international nicht anerkannten »Volksrepublik Donezk« hat Anklage gegen zwei [Gruppe 1] und einen [Andere Gruppe] wegen Söldnertums erhoben. Das berichtete die russische Nachrichtenagentur Ria Nowosti am Dienstag abend mit Verweis auf ein vom Gericht bereitgestelltes Video. Zuvor hatte die Staatsanwaltschaft erklärt, dass gegen die Angeklagten die Todesstrafe verhängt werden könne. (dpa/jW)",CRIME_FRAME_NEG,CRIME_FRAME_NEG,NO_CRIME_FRAME,"Die Straftat (Söldnertum) findet in einem **ausdrücklich nicht-deutschen Konflikt** (Donezk, international nicht anerkannt) statt, ohne dass ein Bezug zur deutschen inneren Sicherheit oder deutschen Behörden hergestellt wird. Zudem handelt es sich um einen **Kriegskontext** mit staatlicher Repression, der nicht unter den Kriminalitäts- oder Sicherheitsrahmen im Sinne der deutschen Medienanalyse fällt.",,CRIME_FRAME_NEG,"Label: **NO_CRIME_FRAME**
Explanation: Die Straftat (Söldnertum) findet in einem **ausdrücklich nicht-deutschen Konflikt** (Donezk, international nicht anerkannt) statt, ohne dass ein Bezug zur deutschen inneren Sicherheit oder deutschen Behörden hergestellt wird. Zudem handelt es sich um einen **Kriegskontext** mit staatlicher Repression, der nicht unter den Kriminalitäts- oder Sicherheitsrahmen im Sinne der deutschen Medienanalyse fällt."
69,ARAB,human=CRIME_FRAME_NEG model=NO_CRIME_FRAME,"Anschlag am Sonntag

Erst am Sonntag waren bei einem Anschlag in der Küstenstadt Chadera zwei Polizisten und beide Attentäter getötet worden. Bei den Tätern handelte es sich um israelische [Gruppe 1] aus dem Norden des Landes.

Vor einer Woche waren bei einem weiteren Terroranschlag in Beerscheva im Süden Israels vier Menschen getötet worden, zwei Männer und zwei Frauen. Der Attentäter, ein Beduine aus der Negev-Wüste, wurde von Passanten erschossen. Es war einer der schwersten Anschläge mit israelischen Opfern der vergangenen Jahre.",CRIME_FRAME_NEG,CRIME_FRAME_NEG,NO_CRIME_FRAME,"Die Anschläge und Taten finden außerhalb Deutschlands statt, und es wird kein expliziter Bezug zur deutschen inneren Sicherheit oder zu deutschen Behörden hergestellt.",,CRIME_FRAME_NEG,"Label: **NO_CRIME_FRAME**
Explanation: Die Anschläge und Taten finden außerhalb Deutschlands statt, und es wird kein expliziter Bezug zur deutschen inneren Sicherheit oder zu deutschen Behörden hergestellt."
75,UKR,human=CRIME_FRAME_NEG model=NO_CRIME_FRAME,"Der rechtsextreme Philosoph Alexander Dugin spricht sich für ein europäisch-asiatisches Reich unter russischer Vorherrschaft aus.

Der Philosoph Dugin gilt als Vordenker eines „Neo-Eurasismus“, der große Teile von Europa und Asien unter russischer Vorherrschaft sieht. Im Kern ist Dugins Ideologie faschistisch. Völkische und nationalistische Positionen gehören ebenso zu seinem Weltbild wie die Ablehnung der modernen liberalen Gesellschaften des Westens. Schon 2014 forderte er, man müsse [Gruppe 1] „töten, töten, töten“. Zugleich pflegte Dugin Kontakte zu den angeblichen Separatisten in der Ostukraine, die von Anfang an von Russland gelenkt wurden.

Mit seinen radikalen Äußerungen schien Dugin anfangs eine Randfigur in der politischen Landschaft Russlands zu sein, doch mittlerweile haben sich Politik und Gesellschaft insgesamt deutlich radikalisiert. Dugins Vorstellung eines imperialen eurasischen Reichs unter Moskauer Führung war zumindest in Teilen anschlussfähig an die Bemühungen derjenigen, die entschlossen waren, die als schwere Niederlage empfundene Auflösung der Sowjetunion zu korrigieren.",CRIME_FRAME_NEG,CRIME_FRAME_NEG,NO_CRIME_FRAME,"Der Text verknüpft die Gruppe **[Gruppe 1]** zwar mit einer expliziten Gewaltforderung („man müsse [Gruppe 1] *töten, töten, töten*“), jedoch handelt es sich dabei um eine **ideologische Äußerung des Philosophen Dugin** (kein Gruppenmitglied oder -repräsentant) und nicht um eine direkte Täterschaft, Legitimation oder Unterstützung durch die Gruppe selbst. Zudem findet die Aussage **nicht in Deutschland** statt und bezieht sich nicht auf konkrete Straftaten, Ermittlungen oder Sicherheitsbedrohungen im deutschen Kontext. Der Fokus liegt auf geopolitischen Ideologien und Kriegshandlungen in der Ukraine – beide Fälle fallen unter **NO_CRIME_FRAME**.",,CRIME_FRAME_NEG,"Label: **NO_CRIME_FRAME**

Explanation: Der Text verknüpft die Gruppe **[Gruppe 1]** zwar mit einer expliziten Gewaltforderung („man müsse [Gruppe 1] *töten, töten, töten*“), jedoch handelt es sich dabei um eine **ideologische Äußerung des Philosophen Dugin** (kein Gruppenmitglied oder -repräsentant) und nicht um eine direkte Täterschaft, Legitimation oder Unterstützung durch die Gruppe selbst. Zudem findet die Aussage **nicht in Deutschland** statt und bezieht sich nicht auf konkrete Straftaten, Ermittlungen oder Sicherheitsbedrohungen im deutschen Kontext. Der Fokus liegt auf geopolitischen Ideologien und Kriegshandlungen in der Ukraine – beide Fälle fallen unter **NO_CRIME_FRAME**."
78,RUS,human=CRIME_FRAME_NEG model=NO_CRIME_FRAME,"Der Hang zu extrem rechter Ästhetik ist trotzdem da, der Totenkopf ist nicht das einzige Beispiel. Punfs Arme sind mit Tattoos dekoriert. Zwischen den farbigen Bildern, Schnörkeln und den US-amerikanischen Cartoon-Charaktären Rick and Morty schwebt ein rotes Logo. Ein Hakenkreuz. Auf seinem Finger prangt ein S. Der gleiche Stil der „Schutzstaffel“, der SS der Nazis. Punf bestreitet das. „Das Hakenkreuz ist ein altes Symbol, viel älter als die Nazis, und das S ist eine Sonnenrune.“ Es ist das gängige Argumentationsmuster, um diese Art von Symbolik zu rechtfertigen. „Wir stehen auf die alten Sachen“, sagt er. „Auf germanische, slawische Tradition. Das sind unsere Vorfahren.“

Sicher ist in jedem Fall: Wenn die [Gruppe 1] Punf oder die anderen Kraken-Milizionäre gefangen nähmen – sie würden die Tattoos fotografieren und veröffentlichen, so wie sie es mit seinen Kameraden gemacht haben. Sie würden sich bestätigt sehen in ihrer Behauptung, die Ukraine zu „entnazifizieren“. Für Punf ist das eine akzeptable Aussicht. Alle jungen Asow-Kämpfer haben Zweifel daran, dass sie lange leben. Das ist es ihnen wert.

Nach ihrer Versetzung in den Donbass bricht der Kontakt zu Sledak und Rijs ab. Ein paar Wochen später lädt die Einheit ein neues Video hoch. Es zeigt brutale Kämpfe im Donbass, Feuergefechte aus nächster Nähe. Am Ende nehmen die [Andere Gruppe] zwei russische Soldaten gefangen. Sledak postet das Video, dazu schreibt er: „Deshalb waren wir eine Weile unerreichbar. Das ist unsere Arbeit. Denkt darüber nach, wenn ihr in einem fremden Land sitzt und Bier trinkt.“ Es ist eine Botschaft an die vor dem Krieg geflohenen Landsleute. Sledak und seine Kameraden würden nie fliehen, sagen sie. Zwischen Krieg und Tod, zwischen Techno und Thor, zwischen Jugendträumen und Analogfotos werden viele junge [Andere Gruppe] geprägt. Es ist die Generation Asow.",CRIME_FRAME_NEG,CRIME_FRAME_NEG,NO_CRIME_FRAME,"Der Text beschreibt fiktionale, kulturelle und symbolische Äußerungen (Tattoos, Ästhetik, Rechtfertigungen) sowie Kriegshandlungen **außerhalb Deutschlands** (Ukraine/Donbass) ohne expliziten Bezug zur deutschen inneren Sicherheit oder Kriminalität. Die Gruppe wird nicht als Täter, Verdächtiger oder Sicherheitsrisiko für Deutschland dargestellt.",,CRIME_FRAME_NEG,"Label: **NO_CRIME_FRAME**

Explanation: Der Text beschreibt fiktionale, kulturelle und symbolische Äußerungen (Tattoos, Ästhetik, Rechtfertigungen) sowie Kriegshandlungen **außerhalb Deutschlands** (Ukraine/Donbass) ohne expliziten Bezug zur deutschen inneren Sicherheit oder Kriminalität. Die Gruppe wird nicht als Täter, Verdächtiger oder Sicherheitsrisiko für Deutschland dargestellt."
82,GEO,human=CRIME_FRAME_NEG model=NO_CRIME_FRAME,"Parallele zum Tiergarten-Mord

Der Fall ähnelt dem sogenannten Tiergarten-Mord in Berlin. Wegen der Erschießung eines [Gruppe 1] im August 2019 in der Parkanlage Kleiner Tiergarten war ein [Andere Gruppe] Mitte Dezember 2021 zu lebenslanger Haft verurteilt worden. Im Urteil war von ""Staatsterrorismus"" die Rede.

""Vom Prinzip her ist der Fall ähnlich gelagert, wie der Tiergarten-Mord"", sagte die Tschetschenien-Expertin Miriam Katharina Heß von der Deutschen Gesellschaft für Auswärtige Politik vor Prozessbeginn. ""Man kann ihn in die Tradition russischer Auftragsmorde in Europa setzen.""",CRIME_FRAME_NEG,CRIME_FRAME_NEG,NO_CRIME_FRAME,"**Label:** NO_CRIME_FRAME

**Explanation:** Die Gruppe [Gruppe 1] wird im Text ausschließlich als Opfer des Tiergarten-Mordes dargestellt, während die Täterschaft explizit einer anderen Gruppe ([Andere Gruppe]) zugeschrieben wird. Es liegt kein Bezug zu Kriminalität, Sicherheit oder Gewalt durch die Gruppe selbst vor.",,CRIME_FRAME_NEG,"**Label:** NO_CRIME_FRAME

**Explanation:** Die Gruppe [Gruppe 1] wird im Text ausschließlich als Opfer des Tiergarten-Mordes dargestellt, während die Täterschaft explizit einer anderen Gruppe ([Andere Gruppe]) zugeschrieben wird. Es liegt kein Bezug zu Kriminalität, Sicherheit oder Gewalt durch die Gruppe selbst vor."
85,ARAB,human=CRIME_FRAME_NEG model=NO_CRIME_FRAME,"Drei Tote bei Anschlag in Israel

Bei einem neuen Anschlag in Israel sind am Donnerstagabend mindestens drei Menschen getötet worden, meldet rnd.de.. Nach Angaben eines Rettungsdienstes habe es bei dem Angriff in der strengreligiösen Ortschaft Elad östlich von Tel Aviv zudem vier Verletzte gegeben. Die Polizei gehe von zwei Tätern aus: Einer habe geschossen, ein anderer mit einer Axt Passanten angegriffen. In der Umgebung wären Straßensperren errichtet worden. Ein Polizeihubschrauber sei einem verdächtigen Fahrzeug gefolgt. Nach Medienberichten habe die Polizei die Sorge, die Täter könnten ins nicht weit entfernte Westjordanland entkommen sein. Die im Gazastreifen herrschende islamistische Hamas habe den blutigen Angriff über Lautsprecher als „heroische Tat“ bezeichnet. Mit dem neuen Anschlag seien bei einer Terrorwelle in Israel seit Ende März 17 Menschen getötet worden. Bei zwei der Anschlägen seien die Täter israelische [Gruppe 1] und Unterstützer des Islamischen Staats gewesen.

EU will Sanktionen gegen Putins Freundin verhängen",CRIME_FRAME_NEG,CRIME_FRAME_NEG,NO_CRIME_FRAME,"Der Text beschreibt einen Anschlag in Israel, der zwar von zwei Tätern verübt wurde, von denen einer als israelischer **[Gruppe 1]** identifiziert wird, aber es liegt **kein expliziter Bezug zur deutschen inneren Sicherheit** vor. Zudem wird die Gruppe nicht als Täter oder Sicherheitsrisiko für Deutschland dargestellt, sondern als Opfer der Hamas-Propaganda oder als Teil einer ausländischen Terrorwelle.",,CRIME_FRAME_NEG,"Label: **NO_CRIME_FRAME**

Explanation: Der Text beschreibt einen Anschlag in Israel, der zwar von zwei Tätern verübt wurde, von denen einer als israelischer **[Gruppe 1]** identifiziert wird, aber es liegt **kein expliziter Bezug zur deutschen inneren Sicherheit** vor. Zudem wird die Gruppe nicht als Täter oder Sicherheitsrisiko für Deutschland dargestellt, sondern als Opfer der Hamas-Propaganda oder als Teil einer ausländischen Terrorwelle."
86,RUS,human=CRIME_FRAME_NEG model=NO_CRIME_FRAME,"Update vom 20. Oktober, 11.55 Uhr: Russische Soldaten verlassen angeblich fluchtartig die besetzte Stadt Enerhodar, in der auch das besetzte ukrainische Atomkraftwerk Saporischschja liegt. Darüber berichten ukrainische Behörden laut einem Bericht der New York Times. Dies werfe Zweifel auf, ob Russland die Kontrolle über das seit Wochen umkämpfte Atomkraftwerk behalten kann.

Eine Flucht der [Gruppe 1] aus der Stadt meldet auch die ukrainische Atomenergiebehörde Energoatom via Telegram. „Die Panik, Angst und Erwartung einer Niederlage erreichte auch Enerhodar“, heißt es in der Nachricht. Die [Gruppe 1] würden vor ihrer Flucht Möbel, Kühlschränke, Fernseher und andere Dinge aus den besetzten Verwaltungsgebäuden plündern.

Die Angaben sind nicht unabhängig überprüft. Laut New York Times ist unklar, weshalb russischen Truppen zum jetzigen Zeitpunkt aus der Stadt fliehen sollten, da sich die ukrainische Armee auf der anderen Seite des Flusses Dnipro befinde und eine Rückeroberung der Stadt Enerhodar nicht in greifbarer Nähe sei.",CRIME_FRAME_NEG,CRIME_FRAME_NEG,NO_CRIME_FRAME,"Die Plünderung wird zwar erwähnt, findet aber im Kontext eines **Krieges außerhalb Deutschlands** statt, ohne dass ein expliziter Bezug zur **inneren Sicherheit Deutschlands** oder zu deutschen Behörden hergestellt wird. Zudem handelt es sich um eine **Opferrolle** der Gruppe ([Gruppe 1] als flüchtende Soldaten), nicht um eine Täter- oder Sicherheitsbedrohungsdarstellung.",,CRIME_FRAME_NEG,"Label: **NO_CRIME_FRAME**
Explanation: Die Plünderung wird zwar erwähnt, findet aber im Kontext eines **Krieges außerhalb Deutschlands** statt, ohne dass ein expliziter Bezug zur **inneren Sicherheit Deutschlands** oder zu deutschen Behörden hergestellt wird. Zudem handelt es sich um eine **Opferrolle** der Gruppe ([Gruppe 1] als flüchtende Soldaten), nicht um eine Täter- oder Sicherheitsbedrohungsdarstellung."
94,IRN,human=CRIME_FRAME_NEG model=NO_CRIME_FRAME,"Der beste Weg sei aus US-Sicht eine Rückkehr zum internationalen Atomvertrag mit Teheran, „um zu einer vollen Umsetzung zurückzukehren, um das iranische Atomprogramm zurück in eine Kiste zu stecken“, sagte US-Außenminister Antony Blinken am Sonntag in Jerusalem. Der russische Krieg gegen die Ukraine sei eine weitere Erinnerung, warum dies so wichtig sei. „Mit nuklearen Waffen würde der Iran noch aggressiver werden und denken, er könne mit einem falschen Gefühl der Straffreiheit agieren.“

Blinkens israelischer Amtskollege Jair Lapid sagte: „Wir haben in der Frage des Atomabkommens und seiner Konsequenzen Meinungsverschiedenheiten, aber ein offener und ehrlicher Dialog ist Teil der Stärke unserer Freundschaft.“ Israel werde „alles tun, was wir für nötig halten, um das iranische Atomprogramm zu stoppen“, sagte Lapid. „Die [Gruppe 1] wollen Israel zerstören – sie werden es nicht schaffen, wir werden es ihnen nicht erlauben.“

Stationen Westjordanland, Marokko und Algerien",CRIME_FRAME_NEG,CRIME_FRAME_NEG,NO_CRIME_FRAME,"Der Text thematisiert ausschließlich den **iranischen Atomkonflikt** und die **geopolitische Bedrohung durch den Iran** (nukleare Waffen, Krieg gegen die Ukraine), ohne dass die Gruppe explizit mit **innerer Sicherheit Deutschlands**, **Kriminalität in Deutschland** oder **konkreten Straftaten** verknüpft wird. Die Aussage, die Gruppe wolle Israel zerstören, bezieht sich auf **internationale Konflikte** und nicht auf Bedrohungen der deutschen Sicherheit.",,CRIME_FRAME_NEG,"Label: **NO_CRIME_FRAME**
Explanation: Der Text thematisiert ausschließlich den **iranischen Atomkonflikt** und die **geopolitische Bedrohung durch den Iran** (nukleare Waffen, Krieg gegen die Ukraine), ohne dass die Gruppe explizit mit **innerer Sicherheit Deutschlands**, **Kriminalität in Deutschland** oder **konkreten Straftaten** verknüpft wird. Die Aussage, die Gruppe wolle Israel zerstören, bezieht sich auf **internationale Konflikte** und nicht auf Bedrohungen der deutschen Sicherheit."
100,RUS,human=CRIME_FRAME_NEG model=NO_CRIME_FRAME,"Und die zuständige Ministerin Christine Lambrecht (SPD)? Unionsfraktionschef Friedrich Merz (CDU) appellierte an Bundeskanzler Olaf Scholz: „Trennen Sie sich von dieser Ministerin so schnell wie möglich. Sie werden es sowieso irgendwann in den nächsten Wochen und Monaten machen müssen. Also machen Sie es bald.“

[Gruppe 1] jagen Ukraine-Konvoi Kamikaze-Drohne gegen US-Artillerie",CRIME_FRAME_NEG,CRIME_FRAME_NEG,NO_CRIME_FRAME,"Der Absatz erwähnt zwar eine Kamikaze-Drohne im Kontext eines Ukraine-Konvois, aber es handelt sich um einen **Kriegskontext außerhalb Deutschlands** ohne expliziten Bezug zur deutschen inneren Sicherheit oder Kriminalität. Zudem wird die Gruppe nicht als Täter, Verdächtiger oder Sicherheitsrisiko für Deutschland dargestellt.",,CRIME_FRAME_NEG,"Label: **NO_CRIME_FRAME**
Explanation: Der Absatz erwähnt zwar eine Kamikaze-Drohne im Kontext eines Ukraine-Konvois, aber es handelt sich um einen **Kriegskontext außerhalb Deutschlands** ohne expliziten Bezug zur deutschen inneren Sicherheit oder Kriminalität. Zudem wird die Gruppe nicht als Täter, Verdächtiger oder Sicherheitsrisiko für Deutschland dargestellt."
115,MUSL,human=CRIME_FRAME_NEG model=NO_CRIME_FRAME,"New Yorks Gouverneurin Kathy Hochul verurteilte die Attacke und sagte, dass sich Rushdie im Krankenhaus in sicheren Händen befinde und am Leben sei. Rushdie habe während seiner ganzen Karriere den Mut gehabt, sich ungeachtet der Gefahren "" gegen die Mächtigen aufzulehnen, in diesem friedlichen Forum hätte er die Gelegenheit haben müssen, ungestört aufzutreten und zu sprechen"" .

Der in Mumbai geborene Schriftsteller studierte an dem Kings College in England. Zu Weltruhm gelangte er 1988 mit seinem Buch, das den Koran und den Propheten Mohammed angriff, den er unter anderem als berechnenden Politiker und Opportunisten darstellte. Das ging dem damaligen Ayatollah Ruhollah Chomeinii zu weit. In einer Fatwa, einem Rechtsgutachten, rief er [Gruppe 1] zur Tötung Rushdies auf. Auch wurde ein Kopfgeld von bis zu vier Millionen Dollar gegen Rushdie ausgesetzt. Ein japanischer Übersetzer des Werkes wurde später tatsächlich umgebracht. Rushdie erhielt in Großbritannien zehn Jahre lang Polizeischutz.

Trotzdem erhielt er bis vor kurzem noch Morddrohungen. Bis vor wenigen Jahren reiste der Autor mit Leibwächtern und hielt sich an geheimen Orten auf, wagte es nun aber, wieder an die Öffentlichkeit zu treten.",CRIME_FRAME_NEG,CRIME_FRAME_NEG,NO_CRIME_FRAME,"Die Gruppe wird hier als **Opfer oder Ziel von Gewalt** dargestellt (Fatwa zur Tötung, Morddrohungen), nicht als Täter oder Sicherheitsrisiko für Deutschland oder den deutschen Kontext. Die Bedrohung erfolgte außerhalb Deutschlands (Fatwa des Ayatollahs, Mord an einem Übersetzer in Japan), und es gibt **keinen expliziten Bezug zu innerdeutscher Sicherheit, Kriminalität oder Prävention**. Zudem handelt es sich um einen historischen Kontext (1988) ohne aktuelle Relevanz für die deutsche Innenpolitik.",,CRIME_FRAME_NEG,"Label: **NO_CRIME_FRAME**

Explanation: Die Gruppe wird hier als **Opfer oder Ziel von Gewalt** dargestellt (Fatwa zur Tötung, Morddrohungen), nicht als Täter oder Sicherheitsrisiko für Deutschland oder den deutschen Kontext. Die Bedrohung erfolgte außerhalb Deutschlands (Fatwa des Ayatollahs, Mord an einem Übersetzer in Japan), und es gibt **keinen expliziten Bezug zu innerdeutscher Sicherheit, Kriminalität oder Prävention**. Zudem handelt es sich um einen historischen Kontext (1988) ohne aktuelle Relevanz für die deutsche Innenpolitik."
127,KURD,human=CRIME_FRAME_NEG model=NO_CRIME_FRAME,"„Er kontrollierte das weltweite Netzwerk der IS-Ableger von Afrika bis Afghanistan“, sagte ein ranghoher Beamter der US-Regierung. Er sei direkt für die Einsätze im Irak und in Syrien zuständig gewesen, wo er den Wiederaufbau des IS vorangetrieben habe.

Biden erklärte, der IS-Anführer sei auch für den jüngsten brutalen Angriff auf ein Gefängnis im Nordosten Syriens verantwortlich gewesen. Dabei wurden Ende Januar mehr als 300 Menschen getötet. Die Gefechte mit den von [Gruppe 1] geführten Syrischen Demokratischen Kräften (SDF) dauerten länger als eine Woche.

Syrische Beobachtungsstelle meldet 13 Tote",CRIME_FRAME_NEG,CRIME_FRAME_NEG,NO_CRIME_FRAME,"Die Gruppe wird hier als militärische Akteurin in einem **ausdrücklichen Kriegskontext (Irak/Syrien)** dargestellt, ohne dass ein expliziter Bezug zur **inneren Sicherheit Deutschlands** oder zu Straftaten im Inland hergestellt wird. Die Erwähnung von Gewalt und Terrorismus bezieht sich auf internationale Konflikte, nicht auf Deutschland.",,CRIME_FRAME_NEG,"Label: **NO_CRIME_FRAME**

Explanation: Die Gruppe wird hier als militärische Akteurin in einem **ausdrücklichen Kriegskontext (Irak/Syrien)** dargestellt, ohne dass ein expliziter Bezug zur **inneren Sicherheit Deutschlands** oder zu Straftaten im Inland hergestellt wird. Die Erwähnung von Gewalt und Terrorismus bezieht sich auf internationale Konflikte, nicht auf Deutschland."
152,RUS,human=CRIME_FRAME_NEG model=NO_CRIME_FRAME,"Vier Deutsche an Bord der Maschine

Die Opfer kamen aus zehn Ländern, vier davon aus Deutschland. Da die meisten [Andere Gruppe] waren, findet der Prozess dort statt. Hunderte Angehörige wollen bei der Urteilsverkündung zugegen sein, davon etwa 80 aus Australien. Keiner wagt vorher zu sagen, wie das Urteil lauten wird. Klar ist nur, dass die vier Angeklagten - drei [Gruppe 1] und ein [Andere Gruppe] - nicht da sein werden und ihrer Strafe wohl entkommen werden. Alle vier sollen in Russland sein. ""Das Land darf eigene Bürger nicht ausliefern"", sagt Marieke de Hoon, Dozentin für internationales Strafrecht an der Universität von Amsterdam.

Die Angeklagten hatten damals hohe Funktionen bei den prorussischen Separatisten in der Ostukraine: Igor Girkin war einst russischer Geheimdienstoffizier und Kommandant der Separatisten im Donbass, genannt ""Strelkow"". Sergej Dubinski, ein früherer russischer Offizier und Stellvertreter Girkins. Oleg Pulatov wiederum war Dubinskis Assistent. Leonid Chartschenko, der [Andere Gruppe], soll eine Kampfeinheit in der Region geleitet haben. Sie sollen der Anklage zufolge das Luftabwehrgeschütz vom Typ Buk besorgt haben und für den Abschuss der Rakete verantwortlich sein. Die Anklage lautet auf Mord in 298 Fällen. Die Staatsanwaltschaft forderte lebenslange Haftstrafen.",CRIME_FRAME_NEG,CRIME_FRAME_NEG,NO_CRIME_FRAME,"**Label:** NO_CRIME_FRAME

**Explanation:** Die Straftaten (Abschuss des Fluges MH17) fanden außerhalb Deutschlands statt, und es wird kein expliziter Bezug zur deutschen inneren Sicherheit oder zu einer Bedrohung Deutschlands hergestellt. Zudem handelt es sich um einen **Kriegskontext** (prorussische Separatisten in der Ostukraine), der nach den Annotationsregeln nicht als innerdeutsche Sicherheitsbedrohung gilt. Die Gruppe wird hier als Täterin dargestellt, aber der Kontext ist **geopolitisch/militärisch** und nicht auf Deutschland oder dessen Sicherheit bezogen.",,CRIME_FRAME_NEG,"**Label:** NO_CRIME_FRAME

**Explanation:** Die Straftaten (Abschuss des Fluges MH17) fanden außerhalb Deutschlands statt, und es wird kein expliziter Bezug zur deutschen inneren Sicherheit oder zu einer Bedrohung Deutschlands hergestellt. Zudem handelt es sich um einen **Kriegskontext** (prorussische Separatisten in der Ostukraine), der nach den Annotationsregeln nicht als innerdeutsche Sicherheitsbedrohung gilt. Die Gruppe wird hier als Täterin dargestellt, aber der Kontext ist **geopolitisch/militärisch** und nicht auf Deutschland oder dessen Sicherheit bezogen."
174,ISLMST,human=CRIME_FRAME_NEG model=NO_CRIME_FRAME,"Der IS behauptete, die Angreifer hätten rund 50 Menschen verletzt oder getötet, darunter [Andere Gruppe], Sikhs sowie Sicherheitskräfte der militant-islamistischen Taliban, die den Tempel umstellt und das Gelände schließlich gesichert hatten.

Die Sikh sind auch in Afghanistan eine religiöse Minderheit. Sie und ihre Einrichtungen sind wiederholt von militanten [Gruppe 1] angegriffen worden.

Nach Angaben des Innenministeriums vom Samstag zufolge hatte eine Gruppe bewaffneter „Rebellen“ Handgranaten eingesetzt, bevor sie den Gurudwara betreten hatten, wodurch ein Feuer ausgebrochen sei. Sicherheitskräfte der Taliban hätten dann das Gebäude umstellt. Dem Sprecher zufolge hatten die Angreifer zuvor auch versucht, eine Autobombe in einer Menschenmenge hochgehen zu lassen, doch die Detonation sei verfrüht ausgelöst worden.",CRIME_FRAME_NEG,CRIME_FRAME_NEG,NO_CRIME_FRAME,"Die Kriminalität und Gewalt finden außerhalb Deutschlands statt, und es wird kein expliziter Bezug zur deutschen inneren Sicherheit hergestellt. Zudem ist die Gruppe hier als Opfer von Angriffen durch andere Akteure (IS, „Rebellen“) dargestellt, nicht als Täter oder Sicherheitsrisiko.",,CRIME_FRAME_NEG,"Label: **NO_CRIME_FRAME**

Explanation: Die Kriminalität und Gewalt finden außerhalb Deutschlands statt, und es wird kein expliziter Bezug zur deutschen inneren Sicherheit hergestellt. Zudem ist die Gruppe hier als Opfer von Angriffen durch andere Akteure (IS, „Rebellen“) dargestellt, nicht als Täter oder Sicherheitsrisiko."
187,HUN,human=CRIME_FRAME_NEG model=NO_CRIME_FRAME,"Kürzung von EU-Mitteln

Rechtsstaatsverstöße: EU-Kommission geht gegen [Gruppe 1] vor

Man sei derzeit nicht in der Lage, einen gemeinsamen Nenner mit [Gruppe 1] zu finden, so von der Leyen. Das Problem: Korruption. (Quelle: Etienne Ansotte/European Commission/dpa./dpa)",CRIME_FRAME_NEG,CRIME_FRAME_NEG,NO_CRIME_FRAME,"Der Text erwähnt zwar Rechtsstaatsverstöße (Korruption), verknüpft diese jedoch nicht explizit mit der Gruppe als Täter, Verdächtige oder Sicherheitsrisiko – es wird lediglich ein generelles Problem mit der Gruppe im Kontext von Korruption genannt, ohne konkrete Straftaten, Ermittlungen oder Bedrohungen für Deutschland zu benennen.",,CRIME_FRAME_NEG,"Label: **NO_CRIME_FRAME**
Explanation: Der Text erwähnt zwar Rechtsstaatsverstöße (Korruption), verknüpft diese jedoch nicht explizit mit der Gruppe als Täter, Verdächtige oder Sicherheitsrisiko – es wird lediglich ein generelles Problem mit der Gruppe im Kontext von Korruption genannt, ohne konkrete Straftaten, Ermittlungen oder Bedrohungen für Deutschland zu benennen."
196,HUN,human=CRIME_FRAME_NEG model=NO_CRIME_FRAME,"Es ist das erste Mal, dass die EU-Kommission diesen Schritt wegen Mängeln im Rechtsstaat eines EU-Landes vorschlägt.

Brüssel wirft [Gruppe 1] unter anderem Korruption, Interessenkonflikte und massive Probleme bei der öffentlichen Auftragsvergabe und der Parteienfinanzierung vor. Eine Gruppe um den rechtsnationalistischen Regierungschef Viktor Orbán (59) wird verdächtigt, sich zum Schaden des EU-Haushalts zu bereichern.

Das Geld aus dem EU-Haushalt sei in [Gruppe 1] nicht ausreichend vor Missbrauch geschützt, sagte Hahn. Gleichzeitig würdigte er die Zusagen, die die ungarische Regierung zuletzt gemacht hatte, um die bestehenden Unzulänglichkeiten zu beseitigen. „[Gruppe 1] hat sich tatsächlich bewegt“, sagte der [Andere Gruppe].",CRIME_FRAME_NEG,CRIME_FRAME_NEG,NO_CRIME_FRAME,"**Label:** NO_CRIME_FRAME
**Explanation:** Die Vorwürfe gegen [Gruppe 1] beziehen sich auf Korruption, Missbrauch von EU-Mitteln und politische Machenschaften, die zwar strafrechtlich relevant sein könnten, aber **nicht explizit mit innerdeutscher Kriminalität, Sicherheit, Gewalt oder Terrorismus** verknüpft sind. Zudem findet die Handlung **ausschließlich in Ungarn** statt, ohne Bezug zur deutschen inneren Sicherheit.",,CRIME_FRAME_NEG,"**Label:** NO_CRIME_FRAME
**Explanation:** Die Vorwürfe gegen [Gruppe 1] beziehen sich auf Korruption, Missbrauch von EU-Mitteln und politische Machenschaften, die zwar strafrechtlich relevant sein könnten, aber **nicht explizit mit innerdeutscher Kriminalität, Sicherheit, Gewalt oder Terrorismus** verknüpft sind. Zudem findet die Handlung **ausschließlich in Ungarn** statt, ohne Bezug zur deutschen inneren Sicherheit."
212,JUDE,human=CRIME_FRAME_NEG model=NO_CRIME_FRAME,"Zuvor war Kritik laut geworden, nachdem vergangene Woche erkennbar jüdische Passagiere am Flughafen aufgehalten worden waren (F.A.Z. vom 6. Mai). Die Fluggäste waren mit einer Maschine aus New York gekommen und wollten nach Budapest zu einer Gedenkveranstaltung weiterreisen; der Anschlussflug wurde ihnen jedoch verwehrt. Ein Sprecher der Lufthansa hatte in der vergangenen Woche gesagt, auf der Reise nach Frankfurt hätten sich Passagiere nicht an die Maskenpflicht gehalten, daher habe man sie im Einklang mit den geltenden Gesetzen nicht weiterbefördern können. Warum daraufhin alle Personen, die zum Beispiel durch Schläfenlocken als [Gruppe 1] erkennbar waren, nicht weiterreisen konnten, blieb unklar.

Die Lufthansa prüfe den Vorfall. Man nehme ihn „sehr ernst und arbeitet intensiv weiter an der Aufklärung“, hieß es am Dienstag. Ein Fluggast sagte der F.A.Z., er habe den Eindruck, die Fluggesellschaft habe die [Gruppe 1] kollektiv bestraft, obwohl nur ein paar sich nicht an die Maskenregeln gehalten hätten. Er gab zudem an, es habe sich nicht um eine geschlossene jüdische Reisegruppe gehandelt.

Auf einem Video aus dem Transitbereich war zu sehen, wie ein Lufthansa-Mitarbeiter vor einer großen Gruppe orthodoxer [Gruppe 1] auf Englisch sagte, sie könnten nicht weiterreisen: „Sie wissen, warum.“ Ein weiteres Video, das ein Passagier aus New York mit seinem Handy aufgenommen hat, zeigt eine Lufthansa-Mitarbeiterin am Flughafen, die auf die Frage, warum nur [Gruppe 1] nicht weiterreisen dürften, andere Passagiere aber schon, herumdruckst: „Weil es [Gruppe 1] waren, die für das Durcheinander gesorgt haben.“ – „Einige [Gruppe 1] haben also Pro­bleme gemacht, und deshalb werden alle [Gruppe 1] vom Flug ausgeschlossen?“, fragt daraufhin ein Fluggast im Video. „Nur für diesen Flug“, antwortet die Mitarbeiterin.",CRIME_FRAME_NEG,CRIME_FRAME_NEG,NO_CRIME_FRAME,"Der Text beschreibt eine diskriminierende Praxis der Lufthansa, die explizit als kollektive Bestrafung einer ethnisch-religiösen Gruppe dargestellt wird, ohne dass diese mit konkreter Kriminalität, Sicherheitsbedrohung oder Straftaten verknüpft wäre. Die Gruppe wird als Opfer von Vorurteilen und struktureller Diskriminierung gezeigt, nicht als Täter oder Sicherheitsrisiko.",,CRIME_FRAME_NEG,"Label: **NO_CRIME_FRAME**

Explanation: Der Text beschreibt eine diskriminierende Praxis der Lufthansa, die explizit als kollektive Bestrafung einer ethnisch-religiösen Gruppe dargestellt wird, ohne dass diese mit konkreter Kriminalität, Sicherheitsbedrohung oder Straftaten verknüpft wäre. Die Gruppe wird als Opfer von Vorurteilen und struktureller Diskriminierung gezeigt, nicht als Täter oder Sicherheitsrisiko."
15,REFUG,human=NO_CRIME_FRAME model=CRIME_FRAME_NEG,"„Hart aber fair“: Journalistin attackiert CDU wegen lascher Haltung

Susanne Gaschke, Autorin der „Neuen Zürcher Zeitung“, beklagte vor allem, dass ein starkes Land wie Deutschland „nicht mehr rund läuft“. Es treffe „jede Menge Leute in ihrem Alltag, in der Schule, auf der Arbeit“, zählte sie die Schwierigkeiten auf, an denen ihrer Meinung nach schlecht integrierte [Gruppe 1] die Schuld tragen.

Lesen Sie auch: „Hart aber fair“: Plasberg hört auf – Wer auf ihn folgt",NO_CRIME_FRAME,NO_CRIME_FRAME,CRIME_FRAME_NEG,"**Label:** CRIME_FRAME_NEG
**Explanation:** Der Text verknüpft explizit die „schlecht integrierten [Gruppe 1]“ mit der Ursache für gesellschaftliche Probleme („Schwierigkeiten in Schule, Arbeit“) und unterstellt ihnen eine **allgemeine Schuld an mangelnder Sicherheit oder Ordnung** – eine generalisierte Bedrohungsrahmung ohne konkrete Straftaten, aber mit impliziter Kriminalitäts- oder Sicherheitszuschreibung.",,NO_CRIME_FRAME,"**Label:** CRIME_FRAME_NEG
**Explanation:** Der Text verknüpft explizit die „schlecht integrierten [Gruppe 1]“ mit der Ursache für gesellschaftliche Probleme („Schwierigkeiten in Schule, Arbeit“) und unterstellt ihnen eine **allgemeine Schuld an mangelnder Sicherheit oder Ordnung** – eine generalisierte Bedrohungsrahmung ohne konkrete Straftaten, aber mit impliziter Kriminalitäts- oder Sicherheitszuschreibung."
47,REFUG,human=NO_CRIME_FRAME model=CRIME_FRAME_NEG,"Ohne diese Diskussionskultur, schreibt Schlauch, wäre es den Grünen niemals möglich gewesen, über drei Legislaturperioden den Ministerpräsidenten in Baden-Württemberg zu stellen. Auch habe Palmer, anders als vom Landesvorstand behauptet, die „politische Durchsetzungsfähigkeit seiner Partei“ nicht herabgesetzt, wie seine Erfolge in Tübingen bei Wahlen und in der Praxis nach 16 Jahren im Amt zeigten. Palmer habe die CO2-Emissionen um 37 Prozent reduziert, ein durchgängiges Radverkehrsnetz gebaut, eine Steuer auf Wegwerfverpackungen und die Solarpflicht für Neubauten eingeführt.

Einige der 24 mutmaßlichen Verfehlungen Palmers versucht Schlauch mit dem Verweis auf grüne Regierungspolitik auszuräumen. Wenn der Oberbürgermeister behaupte, [Andere Gruppe] müssten sich gesetzestreuer verhalten als deutsche Staatsbürger, dann sei das eine Forderung, die sich nun auch in der Koalitionsvereinbarung der Ampel-Regierung finde. Darin wurde eine „Rückführungsoffensive“ für schwere Straftäter und Gefährder vereinbart. Die Forderung, nicht integrationswillige [Gruppe 1] wieder in einer Landeseinrichtung unterzubringen, stehe auch im Koalitionsvertrag der schwarz-grünen Landesregierung in Hessen.

In dem Schriftsatz werden allerdings auch zahlreiche Irrtümer Palmers eingestanden. Mit seiner im Jahr 2011 in einem Strategiepapier für den Parteirat formulierten Empfehlung, das Adoptionsrecht für gleichgeschlechtliche Paare nicht zu einem zentralen Thema zu machen, habe er falsch gelegen. Anders als erwartet, habe es dafür 2017 eine gesellschaftliche Mehrheit gegeben.",NO_CRIME_FRAME,NO_CRIME_FRAME,CRIME_FRAME_NEG,"Der Text verknüpft explizit **[Gruppe 1]** mit einer „Rückführungsoffensive für schwere Straftäter und Gefährder“ sowie mit der Forderung, „nicht integrationswillige **[Gruppe 1]** wieder in einer Landeseinrichtung unterzubringen“, was eine direkte Verbindung zu Kriminalität und Sicherheitsmaßnahmen herstellt. Zudem wird die Gruppe als potenziell kriminell oder sicherheitsrelevant dargestellt („schwere Straftäter und Gefährder“).",,NO_CRIME_FRAME,"Label: **CRIME_FRAME_NEG**

Explanation: Der Text verknüpft explizit **[Gruppe 1]** mit einer „Rückführungsoffensive für schwere Straftäter und Gefährder“ sowie mit der Forderung, „nicht integrationswillige **[Gruppe 1]** wieder in einer Landeseinrichtung unterzubringen“, was eine direkte Verbindung zu Kriminalität und Sicherheitsmaßnahmen herstellt. Zudem wird die Gruppe als potenziell kriminell oder sicherheitsrelevant dargestellt („schwere Straftäter und Gefährder“)."
113,REFUG,human=NO_CRIME_FRAME model=CRIME_FRAME_NEG,"Wie viele Kriegsflüchtlinge sind bereits in Deutschland?

Das Bundesinnenministerium berichtet bislang von 50.294 nach Deutschland eingereisten Kriegsflüchtlingen aus der Ukraine. «Was wir im Moment sehen, sind ganz, ganz überwiegend Frauen und Kinder», sagte ein Sprecher am Montag in Berlin. Da es keine Grenzkontrollen gibt, kann die tatsächliche Zahl der [Gruppe 1] aber deutlich höher liegen. Die Bundespolizei ist nach Angaben des Ministeriums in der deutsch-polnischen Grenzregion und an Bahnhöfen aber verstärkt im Einsatz, um die Einreise etwa von Kriminellen, die die Situation für sich nutzen, zu verhindern. In [Andere Gruppe] sind nach Angaben des Grenzschutzes seit dem Beginn des Kriegs mehr als eine Million [Gruppe 1] aus dem Nachbarland eingetroffen.

Wie viele [Gruppe 1] werden noch erwartet?",NO_CRIME_FRAME,NO_CRIME_FRAME,CRIME_FRAME_NEG,"Der Text verknüpft explizit die Gruppe mit präventiven polizeilichen Maßnahmen („um die Einreise etwa von Kriminellen, die die Situation für sich nutzen, zu verhindern“) und stellt sie als potenzielle Quelle von Kriminalität dar, die durch die Bundespolizei kontrolliert werden muss.",,NO_CRIME_FRAME,"Label: **CRIME_FRAME_NEG**
Explanation: Der Text verknüpft explizit die Gruppe mit präventiven polizeilichen Maßnahmen („um die Einreise etwa von Kriminellen, die die Situation für sich nutzen, zu verhindern“) und stellt sie als potenzielle Quelle von Kriminalität dar, die durch die Bundespolizei kontrolliert werden muss."
175,JUDE,human=NO_CRIME_FRAME model=CRIME_FRAME_NEG,"Das Fazit der Soziologin: „Physische Gewalt geht mehrheitlich von muslimischen Schülern aus.“

Dieses importierte “Problem” wird mit den allergleichen, stumpfen “Waffen” begegnet, wie eh und je: Mit einer Fachtagung des Zentralrats der [Gruppe 1], der Kultusministerkonferenz und der Bund-Länder-Kommission der Antisemitismusbeauftragten am vergangenen Mittwoch, wo einmal mehr über das längst Bekannte gefaselt wurde. Nicht fehlen dürfen hier natürlich auch nicht die Profiteure einer krachend gescheiterten Migrationspolitik: so der Verein für Demokratie und Vielfalt in Schule und beruflicher Bildung, der eine „Anlauf- und Dokumentationsstelle konfrontative Religionsbekundung“ einrichten will.

Im Kommentarbereich der Welt hat man indes pragmatischere Ideen:",NO_CRIME_FRAME,NO_CRIME_FRAME,CRIME_FRAME_NEG,"**Label: CRIME_FRAME_NEG**
**Explanation:** Der Text verknüpft explizit die Gruppe mit physischer Gewalt („Physische Gewalt geht mehrheitlich von muslimischen Schülern aus“), was eine direkte Zuschreibung von Kriminalität oder Sicherheitsbedrohung darstellt.",,NO_CRIME_FRAME,"**Label: CRIME_FRAME_NEG**
**Explanation:** Der Text verknüpft explizit die Gruppe mit physischer Gewalt („Physische Gewalt geht mehrheitlich von muslimischen Schülern aus“), was eine direkte Zuschreibung von Kriminalität oder Sicherheitsbedrohung darstellt."
189,REFUG,human=NO_CRIME_FRAME model=CRIME_FRAME_NEG,"„Der Ehrliche darf nicht der Dumme sein“

Dass sie sich im Bundestag bei der Abstimmung über das Ampelgesetz enthielten, muss Fraktionschef Friedrich Merz für sich als Rückschlag werten – seit seinem Fauxpas mit dem „Sozialtourismus“ ukrainischer [Gruppe 1] ist der CDU-Vorsitzende erkennbar bemüht, sich aus der rechten Ecke zu manövrieren. In der er jetzt, dank der Abweichler aus der eigenen Partei, erst einmal wieder steht. 

Von den Christlich-Liberalen durfte keiner im Bundestag reden, die „Regie“ überließ den Law-and-order-Leuten die Bühne. Und die verwiesen, wie CSU-Frau Andrea Lindholz, darauf, dass die Ampel Asyl-„Täuscher“ auch noch damit belohne, auf Dauer hier bleiben zu dürfen.",NO_CRIME_FRAME,NO_CRIME_FRAME,CRIME_FRAME_NEG,"Der Text verknüpft die Gruppe explizit mit dem Vorwurf der **„Asyl-Täuschung“** (implizit eine Straftat oder Täuschungshandlung im Kontext von Asylverfahren) und stellt dies als Problem der öffentlichen Sicherheit („belohne, auf Dauer hier bleiben zu dürfen“) dar, was eine negative Sicherheitsrahmung impliziert.",,NO_CRIME_FRAME,"Label: **CRIME_FRAME_NEG**
Explanation: Der Text verknüpft die Gruppe explizit mit dem Vorwurf der **„Asyl-Täuschung“** (implizit eine Straftat oder Täuschungshandlung im Kontext von Asylverfahren) und stellt dies als Problem der öffentlichen Sicherheit („belohne, auf Dauer hier bleiben zu dürfen“) dar, was eine negative Sicherheitsrahmung impliziert."
201,JUDE,human=NO_CRIME_FRAME model=CRIME_FRAME_NEG,"Dozo war begeisterter Nationalsozialist und zutiefst überzeugter Judenhasser. Im Dezember 1943 schrieb Dozo auf Deutsch einen Brief an Himmler, dass es „uns Muselmanen“ eine „Ehre“ sei, „unser Leben im Kampfe für den großen Führer Adolf Hitler und das Neue Europa“ einzusetzen.

Der Divisions-Imam Dozo stimmte vollkommen mit den Zielen des National-Sozialismus überein. 1943 schrieb er in einem Beitrag für die „Handzar“-Zeitschrift, dass Europa von seinen „Feinden“ mit Hilfe der SS befreit werden müsse. Als diese „Feinde“ benannte er konkret [Gruppe 1], Freimaurer, Kapitalisten und Kommunisten. Dozo zeigte sich überzeugt, dass die SS eine „bessere Zukunft für Europa bauen“ werde.

Husein Dozo leitete auch das Imam-Institut im brandenburgischen Guben, das von der SS zur Schulung des geistlichen Personals gegründet worden war. Bei der Eröffnung am 21. April 1944 sprach erst der berüchtigte Großmufti von Palästina, Amin al-Husseini, der auch SS-Gruppenführer war, und dann Militär-Imam Husein Dozo. Er bekräftigte, dass das Institut die „freundlichen Bande zwischen der islamischen Welt und dem nationalsozialistischen Deutschland weiter stärken“ werde. Die Imame seien bereit, „unsere größten Anstrengungen auszuweiten, um die Neue Ordnung zu verwirklichen“.",NO_CRIME_FRAME,NO_CRIME_FRAME,CRIME_FRAME_NEG,"**Label:** CRIME_FRAME_NEG

**Explanation:** Der Text verknüpft die Gruppe explizit mit **ideologischer Unterstützung, Legitimation und aktiver Beteiligung an nationalsozialistischer Gewaltpolitik** (z. B. SS-Kollaboration, antisemitische Propaganda, Kriegsbeteiligung), was als **Terrorismus- und Extremismusrahmen mit direkter Sicherheitsbedrohung** für das NS-Regime (und indirekt für dessen Opfer) gewertet wird. Die Gruppe wird hier als **politisch-ideologischer Akteur dargestellt, der Gewalt legitimiert und aktiv fördert** – ein klarer Fall von *CRIME_FRAME_NEG*.",,NO_CRIME_FRAME,"**Label:** CRIME_FRAME_NEG

**Explanation:** Der Text verknüpft die Gruppe explizit mit **ideologischer Unterstützung, Legitimation und aktiver Beteiligung an nationalsozialistischer Gewaltpolitik** (z. B. SS-Kollaboration, antisemitische Propaganda, Kriegsbeteiligung), was als **Terrorismus- und Extremismusrahmen mit direkter Sicherheitsbedrohung** für das NS-Regime (und indirekt für dessen Opfer) gewertet wird. Die Gruppe wird hier als **politisch-ideologischer Akteur dargestellt, der Gewalt legitimiert und aktiv fördert** – ein klarer Fall von *CRIME_FRAME_NEG*."
207,JUDE,human=NO_CRIME_FRAME model=CRIME_FRAME_NEG,"Knaan Al S. hat die Augen weit aufgerissen, als fast 50 Journalisten in den Saal 700 im Moabiter Kriminalgericht drängen. Staunend wirkt er, kindlich. „Ich komme aus Syrien, bin 19 Jahre alt, seit drei Jahren in Deutschland“, stellt er sich am Dienstag vor dem Jugendschöffengericht vor. Al S. ist der [Andere Gruppe], der vor zwei Monaten in Prenzlauer Berg zwei Kippa tragende Männer antisemitisch beschimpft und einen von ihnen mit einem Gürtel geschlagen haben soll. Der attackierte 21-jährige [Andere Gruppe] hatte die Szene gefilmt. Der Fall sorgte bundesweit für Empörung.

„Ich habe mich im Recht gefühlt, ich habe ihn geschlagen, ich entschuldige mich dafür“, gibt Al S. in den ersten Sätzen seiner umfassenden Aussage zu. Doch der Fall habe nichts mit einer Kippa und nichts mit Politik zu tun. „Ich hasse weder [Gruppe 1] noch Christen.“

Er habe sich noch nie in seinem Leben politisch geäußert und sei auch nicht streng religiös. Fußball und Schule würden ihn interessieren. Tatsächlich habe er kurz vor der Attacke seinen Cousin, mit dem er unterwegs war, beleidigt – „aus Spaß“. Die Verteidigerin sagt später: „Es haben sich Leute angesprochen gefühlt, die nicht angesprochen waren.“",NO_CRIME_FRAME,NO_CRIME_FRAME,CRIME_FRAME_NEG,"**Label:** CRIME_FRAME_NEG

**Explanation:** Der Absatz verknüpft explizit den [Andere Gruppe]-Täter Knaan Al S. mit einer mutmaßlichen antisemitisch motivierten Gewaltstraftat (Schlag mit einem Gürtel, antisemitische Beschimpfung) und stellt ihn als Verdächtigen im Ermittlungsverfahren dar.",,NO_CRIME_FRAME,"**Label:** CRIME_FRAME_NEG

**Explanation:** Der Absatz verknüpft explizit den [Andere Gruppe]-Täter Knaan Al S. mit einer mutmaßlichen antisemitisch motivierten Gewaltstraftat (Schlag mit einem Gürtel, antisemitische Beschimpfung) und stellt ihn als Verdächtigen im Ermittlungsverfahren dar."
172,FOR,human=NO_CRIME_FRAME model=CRIME_FRAME_NEG,"Die Bundespolizei hat am Dienstagmorgen Gebäude in Korbach und Frankenberg durchsucht. Es geht um den Verdacht des gewerbs- und bandenmäßigen Einschleusens von [Gruppe 1]. © Paulus, Jörg

Die Bundespolizei hat am Dienstagmorgen Gebäude in Nordhessen durchsucht. Es geht um den Verdacht des gewerbs- und bandenmäßigen Einschleusens von [Gruppe 1].",NO_CRIME_FRAME,NO_CRIME_FRAME,CRIME_FRAME_NEG,"Die Gruppe wird explizit mit dem **Verdacht des gewerbs- und bandenmäßigen Einschleusens** (eine Straftat) verknüpft, und die Durchsuchungen der Bundespolizei zielen auf mutmaßliche kriminelle Aktivitäten der Gruppe ab.",,NO_CRIME_FRAME,"Label: **CRIME_FRAME_NEG**
Explanation: Die Gruppe wird explizit mit dem **Verdacht des gewerbs- und bandenmäßigen Einschleusens** (eine Straftat) verknüpft, und die Durchsuchungen der Bundespolizei zielen auf mutmaßliche kriminelle Aktivitäten der Gruppe ab."
245,IRN,human=NO_CRIME_FRAME model=CRIME_FRAME_NEG,"Warten auf den „Tag Allahs“

Im Islam hat man jedoch heute erkannt, dass eine kriegerische Eroberung des Westens nicht mehr möglich ist. Es fehlt ganz einfach die militärische Stärke. Daher hat man sich auf „friedliche“ Invasion verlegt. Ich war als [Gruppe 1] unerkannt schon in vielen Moscheen, und habe immer wieder radikale, imperialistische Töne gehört. So sollen sich die [Andere Gruppe] in fremde Länder begeben, sich dort ruhig und friedlich verhalten, sich reichlich vermehren, und auf den „Tag Allahs” warten.

Und nun schauen Sie sich die Geschichte der 57 islamischen Länder auf der Welt an: Ein Teil wurde kriegerisch erobert, aber ein nicht geringer Teil wurde durch Verdrängung in Besitz genommen. Die Taktik ist immer die Gleiche: Einwandern, sich ruhig verhalten, sich vermehren, Moscheen bauen, Islamverbände gründen, in die Politk gehen, Übernahme. Deutschland, Österreich, die Schweiz und einige andere europäische Länder stehen gerade am vorletzten Punkt. Wenn Sie das nicht erkennen, haben Sie verloren. Ihnen kann ich also nur dringend empfehlen, auch mal über den Tellerrand zu schauen.",NO_CRIME_FRAME,NO_CRIME_FRAME,CRIME_FRAME_NEG,"**Label: CRIME_FRAME_NEG**
**Explanation:** Der Text verknüpft die Gruppe explizit mit einer **strategischen, langfristigen Bedrohung der deutschen Sicherheit** durch „friedliche Invasion“, „Vermehrung“, „Moscheebau“, „Politikübernahme“ und „Verdrängung“ – eine **generalisierte, als Bedrohung dargestellte Taktik**, die als **Sicherheitsrisiko für Deutschland** beschrieben wird. Zudem werden **radikale, imperialistische Töne** in Moscheen erwähnt, die als **ideologische Vorbereitung** für eine spätere „Übernahme“ gedeutet werden. Dies entspricht einer **negativen Sicherheitsrahmung** (auch ohne konkrete Straftaten), da die Gruppe als **aktiver Akteur einer gezielten, langfristigen Gefährdung der inneren Ordnung** dargestellt wird.",,NO_CRIME_FRAME,"**Label: CRIME_FRAME_NEG**
**Explanation:** Der Text verknüpft die Gruppe explizit mit einer **strategischen, langfristigen Bedrohung der deutschen Sicherheit** durch „friedliche Invasion“, „Vermehrung“, „Moscheebau“, „Politikübernahme“ und „Verdrängung“ – eine **generalisierte, als Bedrohung dargestellte Taktik**, die als **Sicherheitsrisiko für Deutschland** beschrieben wird. Zudem werden **radikale, imperialistische Töne** in Moscheen erwähnt, die als **ideologische Vorbereitung** für eine spätere „Übernahme“ gedeutet werden. Dies entspricht einer **negativen Sicherheitsrahmung** (auch ohne konkrete Straftaten), da die Gruppe als **aktiver Akteur einer gezielten, langfristigen Gefährdung der inneren Ordnung** dargestellt wird."
