testset_id,label_b,explanation_b
1,NO_CRIME_FRAME,"Die [Gruppe 1] werden lediglich als Bewacher eines dunkelroten Autos erwähnt, ohne dass ein expliziter Bezug zu Kriminalität, Sicherheitsbedrohung, Terrorismus, Gewaltlegitimation, Verdacht, Ermittlungen oder Prävention hergestellt wird."
2,CRIME_FRAME_NEG,"Die Gruppe wird institutionell als potenzielle Sicherheitsgefahr gerahmt, da der Minister explizit die Notwendigkeit betont, Schleuser, Menschenhändler, organisierte Kriminalität oder andere Straftäter zu identifizieren und auszuschließen, was eine Verknüpfung der Gruppe mit Kriminalität und Sicherheitsrisiken impliziert."
3,NO_CRIME_FRAME,"Die Gruppe wird als Opfer von Zwang und Ausbeutung durch griechische Polizeibeamte dargestellt, ohne dass sie selbst mit Kriminalität, Sicherheitsbedrohung oder Gewaltlegitimation in Verbindung gebracht wird."
4,NO_CRIME_FRAME,"Die [Gruppe 1] wird als Opfer von Völkermord dargestellt und nicht mit Kriminalität, Sicherheit, Terrorismus, Gewaltlegitimation, Verdacht, Ermittlungen oder Prävention verknüpft, sondern als von Al-Kuraischi und dem IS bedrohte Minderheit."
5,CRIME_FRAME_NEG,"Die Gruppe wird explizit mit der Instrumentalisierung von Protesten und der Spaltung des Landes in Verbindung gebracht, was als Bedrohung für die nationale Einheit und Sicherheit interpretiert werden kann."
6,NO_CRIME_FRAME,"Der Absatz beschreibt die russische Propaganda gegenüber [Gruppe 1] und ihre Darstellung als Opfer von Hass und Diffamierung, ohne dass die Gruppe selbst mit Kriminalität, Sicherheit, Terrorismus oder Gewalt in Verbindung gebracht wird."
7,NO_CRIME_FRAME,"Der Absatz beschreibt autoritäre Maßnahmen und Einschränkungen des öffentlichen Lebens durch die [Gruppe 1] in einem anderen Land, ohne jedoch eine explizite Verknüpfung mit Kriminalität, Sicherheit, Terrorismus, Gewaltlegitimation, Verdacht, Ermittlungen oder Prävention im Kontext Deutschlands herzustellen."
8,CRIME_FRAME_NEG,"Der Absatz beschreibt einen 25-jährigen [Gruppe 1], der als Tatverdächtiger wegen gefährlicher Körperverletzung gesucht wird, festgenommen wird und sich zunächst verbal aggressiv zeigt, was eine explizite Verknüpfung der Gruppe mit Kriminalität und Sicherheitsbedrohung darstellt."
9,CRIME_FRAME_NEG,"Die [Gruppe 1] wird explizit mit negativen Attributen wie dem Lernen und Umsetzen von ""dem Bösen"" von den Nazis in Verbindung gebracht, was eine negative Darstellung und Verknüpfung mit einer Form von historischer und moralischer Verurteilung darstellt."
10,CRIME_FRAME_NEG,"Die [Gruppe 1] wird explizit als Teil eines Netzwerks mutmaßlicher Schleuser dargestellt und vier Mitglieder der Gruppe wurden festgenommen, was eine direkte Verknüpfung mit Kriminalität herstellt."
11,CRIME_FRAME_POS,"Der Absatz beschreibt Maßnahmen zur Prävention von Missbrauch und zum Schutz von [Gruppe 1] durch die Polizei und andere Institutionen, wobei der Fokus auf Schutz und Sicherheitsgewinn liegt."
12,CRIME_FRAME_NEG,"Die Gruppe wird implizit mit negativen Aspekten wie ""Gewalt, Chaos"" und ""Spaltung der Bevölkerung"" in Verbindung gebracht, was eine generalisierte gesellschaftliche Bedrohungsrahmung darstellt und somit als CRIME_FRAME_NEG eingestuft wird."
13,CRIME_FRAME_NEG,"Die [Gruppe 1] wird explizit mit dem Verdacht der Unterstützung eines Terroristen und der Kontaktaufnahme zu Vertretern der Russischen Föderation im Rahmen einer mutmaßlichen Terrorzelle verknüpft, was als CRIME_FRAME_NEG eingestuft wird."
14,NO_CRIME_FRAME,"Der Absatz beschreibt die Situation von [Gruppe 1] auf Zypern und ihre Ankunft auf der Insel, ohne sie explizit mit Kriminalität, Sicherheit, Terrorismus, Gewaltlegitimation, Verdacht, Ermittlungen oder Prävention zu verknüpfen."
15,CRIME_FRAME_NEG,"Die [Gruppe 1] wird implizit als Ursache für Schwierigkeiten und Probleme in Deutschland dargestellt, was als generalisierte gesellschaftliche Bedrohungsrahmung interpretiert werden kann, da die Gruppe mit negativen Auswirkungen auf die Gesellschaft verknüpft wird."
16,CRIME_FRAME_NEG,"Die Gruppe wird implizit mit mangelnder Achtung vor Menschenleben und damit indirekt mit Gewalt oder Kriegsverbrechen in Verbindung gebracht, was als negativer Kriminalitäts- und Sicherheitsrahmen interpretiert werden kann."
17,NO_CRIME_FRAME,"Der Absatz beschreibt antisemitische Vorfälle und Bedrohungen gegen [Gruppe 1], bei denen die Gruppe als Opfer dargestellt wird, ohne dass sie selbst mit Kriminalität, Sicherheit, Terrorismus, Gewaltlegitimation, Verdacht, Ermittlungen oder Prävention verknüpft ist."
18,NO_CRIME_FRAME,"Der Absatz beschreibt einen Kriegskontext und geopolitische Konflikte zwischen Staaten, ohne dass die Gruppe [Gruppe 1] oder [Andere Gruppe] explizit mit Kriminalität, Sicherheit, Terrorismus, Gewaltlegitimation, Verdacht, Ermittlungen oder Prävention im deutschen Inland verknüpft wird."
19,NO_CRIME_FRAME,"Der Absatz beschreibt politische Verhaftungen und Pressefreiheit in Ägypten, ohne die [Gruppe 1] explizit mit Kriminalität, Sicherheit, Terrorismus, Gewaltlegitimation, Verdacht, Ermittlungen oder Prävention im deutschen Kontext zu verknüpfen."
20,CRIME_FRAME_NEG,"Die Gruppe wird explizit mit Drohungen durch den tschetschenischen Machthaber Kadyrow in Verbindung gebracht, was als Bedrohung und Sicherheitsgefahr für die Gruppe dargestellt wird."
21,CRIME_FRAME_NEG,"Die [Andere Gruppe] wird explizit mit illegaler Einreise und Schlepperkriminalität in Verbindung gebracht, was als CRIME_FRAME_NEG eingestuft wird, da die Gruppe als Quelle von Kriminalität und Sicherheitsbedrohung dargestellt wird."
22,CRIME_FRAME_NEG,"Der Absatz beschreibt Ramsan Kadyrow, ein Mitglied der [Gruppe 1], als ""blutigen Schatten"" Putins und verknüpft ihn explizit mit Mord, religiösem Fundamentalismus und Statthalter-Brutalität, was ihn als Quelle von Kriminalität und Sicherheitsbedrohung darstellt."
23,CRIME_FRAME_NEG,"Der Absatz beschreibt ein Gruppenmitglied, das als Täter einer vorsätzlichen Körperverletzung dargestellt wird und direkt mit Kriminalität verknüpft ist."
24,NO_CRIME_FRAME,"Der Absatz beschreibt eine politische und soziale Veränderung in der Wahrnehmung und Reaktion auf Aggression, ohne die Gruppe explizit mit Kriminalität, Sicherheit, Terrorismus, Gewaltlegitimation, Verdacht, Ermittlungen oder Prävention in Verbindung zu bringen."
25,CRIME_FRAME_NEG,"Die [Gruppe 1] wird im Kontext der Verteilung von Koran-Exemplaren durch das Netzwerk ""Die wahre Religion"" erwähnt, was von Politikern heftig kritisiert wird, was impliziert, dass die Gruppe mit radikalen oder extremistischen Bestrebungen in Verbindung gebracht wird."
26,NO_CRIME_FRAME,"Der Absatz beschreibt einen Kriegskontext außerhalb Deutschlands, in dem die Gruppe als Teil der Konfliktparteien erwähnt wird, aber der Fokus auf dem Krieg und den Gräueltaten liegt, ohne dass die Gruppe explizit mit Kriminalität, Sicherheit oder Prävention im deutschen Kontext verknüpft wird."
27,NO_CRIME_FRAME,"Der Absatz beschreibt den Kontext eines Waffenverkaufs und Krieges zwischen Staaten, ohne dass die Gruppe explizit mit Kriminalität, Sicherheit, Terrorismus, Gewaltlegitimation, Verdacht, Ermittlungen oder Prävention in Deutschland verknüpft wird."
28,CRIME_FRAME_NEG,"Die Gruppe wird explizit mit Gewalt und Bedrohung verknüpft, da ein Mitglied der Gruppe einen Freund seiner Schwester mit einem Messer bedroht hat, weil er die ""Ehre"" der Familie verletzt sah."
29,CRIME_FRAME_NEG,"Der Absatz verknüpft die [Andere Gruppe] explizit mit einem Mord und einem [Gruppe 1] wird indirekt über die Verhandlungen um die Freilassung einer US-Amerikanerin mit dem Fall in Verbindung gebracht, wobei jedoch die [Andere Gruppe] als Täter dargestellt wird und die [Gruppe 1] nicht direkt mit Kriminalität in Verbindung gebracht wird, aber der Kontext der Verhandlungen und des Gefangenaustauschs impliziert eine Verbindung zu Kriminalität und Sicherheitsfragen."
30,CRIME_FRAME_NEG,Die Gruppe wird von einer öffentlichen Person explizit als Sicherheitsrisiko für Deutschland bezeichnet und mit negativen Verhaltensweisen wie dem Schwenken von Russlandfahnen und dem Drücken vor dem Militärdienst in Verbindung gebracht.
31,NO_CRIME_FRAME,"Der Absatz beschreibt eine humanitäre Krisensituation und eine Evakuierungsaktion, in der die Gruppen als Opfer von Gewalt und Zerstörung dargestellt werden, ohne dass sie selbst mit Kriminalität, Sicherheitsbedrohung oder Prävention in Verbindung gebracht werden."
32,CRIME_FRAME_NEG,"Der Absatz verknüpft explizit ein Gruppenmitglied mit einer schweren Straftat, dem Mord an einem Teilnehmer einer Parade, und stellt somit die Gruppe in einem negativen Kriminalitätsrahmen dar."
33,NO_CRIME_FRAME,"Der Absatz beschreibt Anschläge und Gewalt in Israel, bei denen arabische [Andere Gruppe] als Täter genannt werden, aber die [Gruppe 1] lediglich als Ziel von Hassrufen und Beleidigungen erwähnt wird, ohne dass sie selbst mit Kriminalität, Sicherheit oder Terrorismus in Verbindung gebracht wird."
34,CRIME_FRAME_NEG,"Die Gruppe wird durch die Wiedergabe von Präsident Putins Aussage, dass das Mordopfer ein Terrorist sei, indirekt mit Terrorismus und Kriminalität verknüpft, und es wird auch kritisiert, dass sich das Opfer trotz seiner ""Sünden und Verbrechen"" in Deutschland aufhalten durfte."
35,CRIME_FRAME_NEG,"Die Gruppe wird explizit mit autoritärer Kontrolle, Zwang und Unterdrückung von Frauenrechten in Verbindung gebracht, sowie mit dem Vorwurf, dass sie einen ""fundamentalen, antifeministischen und politischen Islam"" vertrete, der im Widerspruch zu Freiheit und Demokratie stehe, was als generalisierte gesellschaftliche Bedrohungsrahmung und CRIME_FRAME_NEG gewertet wird."
36,CRIME_FRAME_NEG,"Die [Gruppe 1] wird explizit mit Unmut und Dominanz in einem Konfliktgebiet in Verbindung gebracht, was in einem Kontext von Terrorismus und Instabilität steht, und somit als Teil eines Umfelds dargestellt, das den IS begünstigt."
37,NO_CRIME_FRAME,"Der Absatz beschreibt einen Kriegskontext und geopolitische Konflikte zwischen Staaten, ohne einen expliziten Bezug zu Kriminalität, Sicherheit oder Prävention im Kontext von Minderheiten in Deutschland herzustellen."
38,CRIME_FRAME_NEG,"Die [Gruppe 1] wird implizit als Ziel von Gewalt und Hass durch Neonazis und Rechtsextreme dargestellt, aber auch die [Andere Gruppe] wird durch die Erwähnung eines tödlichen Vorfalls mit Messerstichen als Täter in einem konkreten Fall dargestellt, wobei die Gruppenzugehörigkeit des Täters explizit genannt wird, was eine Verknüpfung mit Kriminalität und Gewalt herstellt."
39,CRIME_FRAME_NEG,"Die [Gruppe 1] wird explizit mit ""Propaganda-Lügen"" in Verbindung gebracht, was als negativer Sicherheitsrahmen interpretiert werden kann, da dies impliziert, dass die Gruppe als Quelle von Fehlinformationen oder Bedrohung wahrgenommen wird."
40,NO_CRIME_FRAME,"Der Absatz beschreibt einen Kriegs- und Konfliktkontext in Kasachstan, ohne einen expliziten Bezug zur inneren Sicherheit Deutschlands oder eine Verknüpfung der [Gruppe 1] mit Kriminalität, Sicherheit oder Prävention im deutschen Kontext herzustellen."
41,CRIME_FRAME_NEG,"Die Gruppe wird in einem Kontext erwähnt, in dem kriminelle Energie und Schutz innerhalb eines Gefängnisses thematisiert werden, wobei ein Gruppenmitglied als ""Capo"" bezeichnet wird, was auf eine Führungsrolle in einem kriminellen Umfeld hindeutet."
42,CRIME_FRAME_NEG,"Die [Gruppe 1] wird explizit als Gruppe dargestellt, die durch den Stacheldrahtverhau an der EU-Außengrenze zu Belarus abgehalten werden soll, was impliziert, dass sie als potenzielle illegale Einwanderer oder Sicherheitsrisiko angesehen werden."
43,NO_CRIME_FRAME,"Der Absatz beschreibt einen Kriegskonflikt zwischen Russland und der Ukraine und die Einstufung einer ukrainischen Militäreinheit als Terrororganisation durch ein russisches Gericht, ohne dass die [Gruppe 1] direkt mit Kriminalität, Sicherheit oder Prävention in Deutschland verknüpft wird."
44,CRIME_FRAME_NEG,"Die Gruppe wird explizit mit einer illegalen Handlung (Schleusung) in Verbindung gebracht, was als CRIME_FRAME_NEG eingestuft wird, da die Gruppe als Teil einer kriminellen Aktivität dargestellt wird."
45,CRIME_FRAME_NEG,"Der Absatz beschreibt einen [Gruppe 1]-Mann, der als Tatverdächtiger eines Tötungsdelikts festgenommen und in Untersuchungshaft genommen wurde, was eine explizite Verknüpfung der Gruppe mit Kriminalität darstellt."
46,NO_CRIME_FRAME,"Der Absatz beschreibt politische Ereignisse und Wahlkampfthemen in den USA ohne jeden expliziten Bezug zu Kriminalität, Sicherheit oder Prävention im Kontext der [Gruppe 1] oder [andere Gruppe] in Deutschland."
47,CRIME_FRAME_NEG,"Die Gruppe wird explizit mit der Notwendigkeit gesetzestreuern Verhaltens in Verbindung gebracht und es wird eine ""Rückführungsoffensive"" für schwere Straftäter und Gefährder sowie die Unterbringung nicht integrationswilliger Gruppenmitglieder in einer Landeseinrichtung thematisiert, was eine Verknüpfung mit Kriminalität und Sicherheitsbedenken darstellt."
48,CRIME_FRAME_NEG,"Der Absatz beschreibt einen [Gruppe 1] als Täter, für den die Staatsanwaltschaft elf Jahre Haft gefordert hat, was eine explizite Verknüpfung der Gruppe mit Kriminalität darstellt."
49,CRIME_FRAME_NEG,"Der Absatz beschreibt ein Gruppenmitglied, das eine Mitarbeiterin mit einem Salatkopf bewirft und die Mitarbeiter der Organisation werden fast täglich angepöbelt, was eine Verknüpfung der Gruppe mit Gewalt und aggressivem Verhalten darstellt."
50,CRIME_FRAME_NEG,"Der Absatz beschreibt ein Gruppenmitglied, das als Täter schwerer Straftaten wie Mord, versuchter Totschlag, gefährliche Körperverletzung und Diebstahl dargestellt wird und direkt mit Kriminalität verknüpft ist."
51,CRIME_FRAME_NEG,"Der Absatz verknüpft die Gruppe explizit mit Kriminalität, da ein Mitglied der Gruppe als mutmaßlicher Täter einer Vergewaltigung dargestellt wird und in U-Haft kam."
52,CRIME_FRAME_NEG,"Der Absatz beschreibt ein gewalttätiges Verhalten eines [Gruppe 1]-Mitglieds, das einen Eintracht-Profi mit dem Schuhstollen an der Stirn getroffen hat, was eine explizite Verknüpfung der Gruppe mit physischer Gewalt darstellt."
53,NO_CRIME_FRAME,"Der Absatz beschreibt eine politische Debatte und Wahlkampfthemen in Frankreich, ohne die Gruppe explizit mit Kriminalität, Sicherheit, Terrorismus, Gewaltlegitimation, Verdacht, Ermittlungen oder Prävention in Deutschland zu verknüpfen."
54,CRIME_FRAME_NEG,"Der Absatz beschreibt, wie ein 31-jähriger [Gruppe 1] wegen Ladendiebstahls und Fahrens ohne Fahrerlaubnis ermittelt und aufgefordert wird, das Bundesgebiet zu verlassen, was eine explizite Verknüpfung der Gruppe mit Kriminalität darstellt."
55,CRIME_FRAME_NEG,"Die Gruppe wird implizit mit Menschenhandel und Zuhälterei in Verbindung gebracht, indem Experten vor der Gefahr von Menschenhändlern und Zuhältern warnen, die sich an [Gruppe 1] Frauen wenden, was als Bedrohungslage für diese Gruppe dargestellt wird."
56,CRIME_FRAME_NEG,"Die [Gruppe 1] wird explizit mit sexueller Gewalt und grausamen Methoden im Kontext des Krieges in der Ukraine in Verbindung gebracht, was als CRIME_FRAME_NEG eingestuft wird, da die Gruppe als Täter von schweren Straftaten dargestellt wird."
57,NO_CRIME_FRAME,"Die Gruppe wird als Opfer von Gewalt, Erpressung, Zwangsarbeit und Menschenrechtsverletzungen dargestellt, ohne dass sie selbst mit Kriminalität, Sicherheitsbedrohung oder Terrorismus in Verbindung gebracht wird."
58,CRIME_FRAME_NEG,"Die Gruppe wird durch Ben Gvirs Aussage explizit mit Gewalt in Verbindung gebracht, indem er fordert, dass die Ankündigungen der anderen Seite ""nicht mit Kapitulation, sondern mit Gewalt"" beantwortet werden sollten."
59,NO_CRIME_FRAME,"Der Absatz beschreibt Proteste und Gewalt im Iran, ohne dass die [Gruppe 1] explizit mit Kriminalität, Sicherheit, Terrorismus, Gewaltlegitimation, Verdacht, Ermittlungen oder Prävention in Deutschland verknüpft wird, sondern vielmehr als Teil der Protestierenden im Iran dargestellt wird."
60,CRIME_FRAME_NEG,"Die Gruppe ""[Andere Gruppe]"" wird implizit mit Illegalität und Sicherheitsproblemen in Verbindung gebracht, indem Salvini verspricht, ""null [Andere Gruppe] ohne gültige Papiere"" zu dulden und die Notwendigkeit betont, die Grenzen zu verteidigen und die Städte sicher zu machen, was eine negative Darstellung der Gruppe als potenzielle Sicherheitsbedrohung impliziert."
61,CRIME_FRAME_NEG,"Die Gruppe wird implizit mit einer erfolgreichen Strategie zur Vermeidung von Sprengungen in Verbindung gebracht, aber der Kontext suggeriert, dass dies im Vergleich zu Deutschland als positiv dargestellt wird, jedoch wird auch die allgemeine Unsicherheit und Kontrollverlust in Deutschland thematisiert, wobei die Gruppe indirekt mit einer besseren Situation assoziiert wird, was dennoch eine negative Darstellung Deutschlands und implizit eine gewisse Verbindung zur Kriminalitätsproblematik herstellt."
62,CRIME_FRAME_NEG,"Die Gruppe wird indirekt mit kriminellen Organisationen in Verbindung gebracht, die vom Elend der Gruppe profitieren und sie unter Ausbeutung in die USA bringen, was eine Verknüpfung mit Kriminalität und Sicherheitsbedrohung impliziert."
63,NO_CRIME_FRAME,"Der Absatz beschreibt eine historische Konferenz im Kontext des Holocausts, bei der die Gruppe als Opfer von Gewalt und Verfolgung dargestellt wird, ohne dass die Gruppe selbst mit Kriminalität, Sicherheitsbedrohung oder Prävention verknüpft wird."
64,CRIME_FRAME_NEG,"Die [Andere Gruppe] wird explizit mit der Unterstützung eines genozidalen Krieges und dem Bejubeln des Überfalls auf die Ukraine in Verbindung gebracht, was als Sicherheitsrisiko für Deutschland dargestellt wird, und es wird auch eine mögliche Bedrohung für [Gruppe 1] durch diese Gruppe angedeutet."
65,NO_CRIME_FRAME,"Der Absatz beschreibt einen Kriegskontext und geopolitische Konflikte zwischen Staaten, ohne die Gruppe explizit mit Kriminalität, Sicherheit, Terrorismus, Gewaltlegitimation, Verdacht, Ermittlungen oder Prävention im deutschen Inland zu verknüpfen."
66,CRIME_FRAME_NEG,"Die Gruppe wird explizit mit einer Straftat (Söldnertum) verknüpft und gegen zwei Mitglieder der Gruppe wird Anklage erhoben, was als CRIME_FRAME_NEG eingestuft wird."
67,CRIME_FRAME_NEG,"Der Absatz verknüpft die [Andere Gruppe] explizit mit einem Angriff, Hass auf Deutschland und dem Verdacht des Extremismus, auch wenn der Anwalt des Beschuldigten terroristische Motive verneint, bleibt die Verbindung zur Gruppe und zum Verdacht von Extremismus bestehen."
68,CRIME_FRAME_NEG,"Der Absatz beschreibt ein Gruppenmitglied, das wegen mehrfachen Mordes verurteilt wurde und nun seine Restfreiheitsstrafe ableisten muss, wodurch die Gruppe explizit mit schweren Straftaten und Kriminalität verknüpft wird."
69,NO_CRIME_FRAME,"Der Absatz beschreibt Terroranschläge in Israel, bei denen israelische [Gruppe 1] als Täter und Opfer erwähnt werden, aber der Kontext ist ein Kriegs- und Konfliktbericht außerhalb Deutschlands, was nach den Regeln zu einem NO_CRIME_FRAME führt."
70,CRIME_FRAME_NEG,"Der Absatz beschreibt ein Gruppenmitglied, das als Täter einer schweren Randalei und Gewalt gegen Polizeibeamte dargestellt wird, wodurch die Gruppe explizit mit Kriminalität und Sicherheitsgefahr verknüpft ist."
71,NO_CRIME_FRAME,"Der Absatz beschreibt die Weiterfinanzierung von Stellen für Integrations-Lehrkräfte zur Sprachförderung von [Gruppe 1] ohne jeden Bezug zu Kriminalität, Sicherheit oder Prävention."
72,NO_CRIME_FRAME,"Der Absatz beschreibt einen Kriegskontext mit militärischen Aktionen und taktischen Entscheidungen, ohne dass die Gruppe explizit mit Kriminalität, Sicherheit oder Prävention im deutschen Inland verknüpft wird."
73,CRIME_FRAME_NEG,"Die Gruppe wird implizit mit einer erhöhten Straffälligkeit in Verbindung gebracht und als ""Problemmigranten"" bezeichnet, was eine negative Konnotation und eine Verbindung zu Kriminalität suggeriert."
74,NO_CRIME_FRAME,"Der Absatz beschreibt historische und politische Ereignisse ohne jeden expliziten Bezug der [Gruppe 1] zu Kriminalität, Sicherheit, Terrorismus, Gewaltlegitimation, Verdacht, Ermittlungen oder Prävention in Deutschland."
75,CRIME_FRAME_NEG,"Die Gruppe wird durch die Aussage von Alexander Dugin, man müsse [Gruppe 1] ""töten, töten, töten"", explizit mit Gewalt und Bedrohung verknüpft, was als CRIME_FRAME_NEG eingestuft wird."
76,CRIME_FRAME_NEG,"Der Absatz verknüpft die [Andere Gruppe] explizit mit einem gewalttätigen Angriff und Extremismus, indem der Täter während der Attacke den Ausruf ""Allahu Akbar"" verwendet, der oft von Dschihadisten und [Andere Gruppe] als Schlachtruf benutzt wird."
77,CRIME_FRAME_NEG,"Der Absatz beschreibt einen [Gruppe 1]-Jugendlichen, der verdächtigt wird, unter Anleitung eines mutmaßlichen IS-Terroristen eine Bombe herzustellen, und damit eine direkte Verbindung zwischen der Gruppe und Terrorismus sowie Sicherheitsbedrohung herstellt."
78,NO_CRIME_FRAME,"Der Absatz beschreibt eine militärische Auseinandersetzung und politische Überzeugungen im Kontext eines Krieges zwischen Staaten, ohne einen expliziten Bezug zu Kriminalität, Sicherheit oder Prävention im deutschen Inland herzustellen."
79,NO_CRIME_FRAME,"Die Gruppe [Gruppe 1] wird lediglich in einem Nebensatz erwähnt, ohne dass ein expliziter Bezug zu Kriminalität, Sicherheit, Terrorismus, Gewaltlegitimation, Verdacht, Ermittlungen oder Prävention hergestellt wird, während die eigentliche Kriminalität und die Ermittlungen sich auf den 55-Jährigen [Andere Gruppe] beziehen."
80,NO_CRIME_FRAME,"Der Absatz beschreibt politische und humanitäre Entwicklungen in Afghanistan und die Reaktionen darauf, ohne die [Gruppe 1] explizit mit Kriminalität, Sicherheit, Terrorismus, Gewaltlegitimation, Verdacht, Ermittlungen oder Prävention in Deutschland zu verknüpfen."
81,CRIME_FRAME_NEG,"Die [Gruppe 1] werden explizit mit Kriminalität verknüpft, indem führende Republikaner behaupten, dass sie unter der hohen Kriminalität zu leiden haben, was eine negative Darstellung der Gruppe als von Kriminalität betroffen oder mit ihr verbunden darstellt."
82,NO_CRIME_FRAME,"Der Absatz beschreibt einen Mordfall, bei dem ein [Gruppe 1] Opfer ist und ein [Andere Gruppe] als Täter verurteilt wurde, ohne dass die [Gruppe 1] selbst mit Kriminalität, Sicherheit, Terrorismus oder Gewaltlegitimation verknüpft wird."
83,CRIME_FRAME_NEG,"Der Absatz beschreibt ein Gruppenmitglied als Beschuldigten, der einer schweren Straftat (Mord, versuchter Mord, gefährliche Körperverletzung) beschuldigt wird und direkt mit Kriminalität und Gewalt verknüpft ist."
84,NO_CRIME_FRAME,"Der Absatz beschreibt eine Ermittlungskommission und ihre Ergebnisse bezüglich der UAWC, ohne jedoch die [Gruppe 1] direkt mit Kriminalität, Sicherheit, Terrorismus, Gewaltlegitimation, Verdacht oder Prävention in Verbindung zu bringen."
85,CRIME_FRAME_NEG,"Die Gruppe wird explizit mit Terrorismus und Gewaltlegitimation verknüpft, da bei zwei der Anschläge die Täter israelische [Gruppe 1] und Unterstützer des Islamischen Staats gewesen seien."
86,NO_CRIME_FRAME,"Der Absatz beschreibt einen Kriegskonflikt zwischen Russland und der Ukraine, ohne dass die [Gruppe 1] in einem deutschen Kontext mit Kriminalität, Sicherheit, Terrorismus, Gewaltlegitimation, Verdacht, Ermittlungen oder Prävention verknüpft wird."
87,CRIME_FRAME_NEG,"Die Gruppe wird implizit als Nutznießer einer Verschlechterung der Sicherheitslage in Mali dargestellt, was eine Verknüpfung mit Sicherheitsbedrohung und potenzieller Gewaltlegitimation herstellt."
88,NO_CRIME_FRAME,"Der Absatz beschreibt einen Kriegskonflikt zwischen Staaten und thematisiert die Rolle von Literatur und Kultur in der Überwindung von Hass und Schmerz, ohne die Gruppe explizit mit Kriminalität, Sicherheit, Terrorismus, Gewaltlegitimation, Verdacht, Ermittlungen oder Prävention im deutschen Kontext zu verknüpfen."
89,NO_CRIME_FRAME,"Der Absatz beschreibt historische Verfolgung, aktuelle Diskriminierung und rassistische Stereotypen gegenüber [Andere Gruppe] und [Andere Gruppe], ohne diese Gruppen explizit mit Kriminalität, Sicherheit, Terrorismus, Gewaltlegitimation, Verdacht, Ermittlungen oder Prävention im deutschen Kontext zu verknüpfen, sondern vielmehr als Opfer von Diskriminierung und Verfolgung darzustellen."
90,NO_CRIME_FRAME,"Der Absatz beschreibt Maßnahmen zur Integration und Ausbildung von [Gruppe 1] ohne jeden Bezug zu Kriminalität, Sicherheit oder Prävention."
91,CRIME_FRAME_NEG,"Die Gruppe wird explizit mit illegaler Einwanderung und der Überwindung von Grenzen in Verbindung gebracht, was als Sicherheitsbedrohung dargestellt wird, und ihre Handlungen, wie das Überklettern von Zäunen und das Mitführen von Haken und Stöcken, werden als bedrohlich und kriminell konnotiert."
92,CRIME_FRAME_NEG,"Der Absatz verknüpft ein Mitglied der [Gruppe 1] namens Atmoun explizit mit mutmaßlichen Korruptionsdelikten und Geldflüssen, was als CRIME_FRAME_NEG eingestuft wird, da die Gruppe mit Verdacht und Ermittlungen in Verbindung gebracht wird."
93,NO_CRIME_FRAME,"Der Absatz beschreibt einen Kriegskontext und geopolitische Konflikte zwischen Staaten, ohne einen expliziten Bezug zu Kriminalität, Sicherheit oder Prävention im Kontext von Minderheiten in Deutschland herzustellen."
94,NO_CRIME_FRAME,"Der Absatz beschreibt geopolitische Konflikte und nukleare Bedrohungen zwischen Staaten, ohne einen expliziten Bezug zu Kriminalität, Sicherheit oder Prävention im Kontext von Minderheiten in Deutschland herzustellen."
95,CRIME_FRAME_NEG,"Die Gruppe wird von einer öffentlichen Person, dem ukrainischen Botschafter, explizit als Sicherheitsrisiko für Deutschland bezeichnet, was als generalisierte gesellschaftliche Bedrohungsrahmung gilt und somit CRIME_FRAME_NEG ist."
96,NO_CRIME_FRAME,"Der Absatz beschreibt einen Kriegs- und geopolitischen Konflikt zwischen Staaten ohne direkten Bezug zu Minderheiten in Deutschland und ohne explizite Verknüpfung der [Gruppe 1] mit Kriminalität, Sicherheit oder Prävention im deutschen Kontext."
97,CRIME_FRAME_NEG,"Die Gruppe wird explizit mit Verstößen gegen das Aufenthaltsgesetz und Drogendelikten in Verbindung gebracht, was als Kriminalitätsrahmen interpretiert werden kann, auch wenn die Kritik an den polizeilichen Maßnahmen und die Forderung nach sozialen Lösungen im Vordergrund stehen."
98,NO_CRIME_FRAME,"Die [Gruppe 1] wird in dem Absatz als Opfer von Menschenhändlern und dubiosen Angeboten dargestellt, ohne dass die Gruppe selbst mit Kriminalität, Sicherheitsbedrohung oder Verdacht in Verbindung gebracht wird."
99,NO_CRIME_FRAME,"Die [Gruppe 1] werden als Opfer eines fremdenfeindlichen Brandanschlags dargestellt, was keine Verknüpfung der Gruppe mit Kriminalität, Sicherheitsbedrohung oder Prävention darstellt, sondern vielmehr die Gruppe als Opfer von Gewalt zeigt."
100,NO_CRIME_FRAME,"Der Absatz beschreibt eine politische Auseinandersetzung und einen Kriegsbericht aus dem Kontext der Ukraine, ohne dass die Gruppe explizit mit Kriminalität, Sicherheit, Terrorismus, Gewaltlegitimation, Verdacht, Ermittlungen oder Prävention im deutschen Inland verknüpft wird."
101,NO_CRIME_FRAME,"Der Absatz beschreibt die Erfahrungen eines afghanischen Flüchtlings und die Situation in Afghanistan nach der Machtübernahme der Taliban, ohne die Gruppe [Gruppe 1] explizit mit Kriminalität, Sicherheit, Terrorismus, Gewaltlegitimation, Verdacht, Ermittlungen oder Prävention in Deutschland zu verknüpfen."
102,NO_CRIME_FRAME,"Der Absatz beschreibt einen Kriegskonflikt zwischen der türkischen Regierung und der PKK sowie Angriffe auf Stellungen in Syrien, ohne einen expliziten Bezug zu Kriminalität, Sicherheit oder Prävention im deutschen Kontext herzustellen."
103,NO_CRIME_FRAME,"Der Absatz beschreibt einen geopolitischen Konflikt und politische Rhetorik im Kontext von Wahlen und militärischen Aktionen, ohne die [Gruppe 1] explizit mit Kriminalität, Sicherheit, Terrorismus, Gewaltlegitimation, Verdacht, Ermittlungen oder Prävention im deutschen Inland zu verknüpfen."
104,CRIME_FRAME_NEG,"Die [Gruppe 1] wird explizit als Täter in einer handgreiflichen Auseinandersetzung dargestellt, bei der sie mit Stühlen auf andere losgingen, und die Polizei ermittelt wegen des Verdachts des Landfriedensbruchs und schwerer Körperverletzung."
105,CRIME_FRAME_NEG,"Die Gruppe wird implizit mit Kriminalität verknüpft, indem erwähnt wird, dass viele ""jugendlichen und unbegleiteten [Gruppe 1]"" mangels Optionen in die Kleinkriminalität abdriften, was eine Verbindung zwischen der Gruppe und kriminellem Verhalten herstellt."
106,CRIME_FRAME_NEG,"Der Absatz beschreibt einen 21-Jährigen, der eine verbotene Waffe bei sich hatte und deshalb eine Strafanzeige wegen Verstoßes gegen das Waffengesetz erhalten hat, wobei der Täter als bulgarischer Fahrzeugführer identifiziert wird, was ihn als Mitglied einer Gruppe darstellt, die mit Kriminalität verknüpft wird."
107,NO_CRIME_FRAME,"Der Absatz beschreibt einen Kriegs- und Konfliktkontext zwischen Staaten und einer militanten Organisation außerhalb Deutschlands, ohne einen expliziten Bezug zu Kriminalität, Sicherheit oder Prävention im deutschen Kontext herzustellen."
108,NO_CRIME_FRAME,"Die Festnahmen und Vorwürfe gegen die [Andere Gruppe] und nicht gegen die [Gruppe 1] erfolgen, weshalb die [Gruppe 1] nicht explizit mit Kriminalität oder Sicherheitsbedrohung verknüpft wird."
109,NO_CRIME_FRAME,"Der Absatz beschreibt einen Konflikt zwischen Marokko und Spanien sowie die Situation von Migranten, ohne die Gruppe [Gruppe 1] explizit mit Kriminalität, Sicherheit, Terrorismus, Gewaltlegitimation, Verdacht, Ermittlungen oder Prävention in Deutschland zu verknüpfen."
110,CRIME_FRAME_NEG,"Die Gruppe des [Gruppe 1] wird explizit mit einer Schlägerei und der Zerstörung von Eigentum (Handy eines jungen Mannes) in Verbindung gebracht, was als kriminelles Verhalten gewertet wird."
111,CRIME_FRAME_NEG,Der abgelehnte [Gruppe 1] wird explizit als Täter einer schweren Straftat (Tötung) dargestellt und direkt mit Kriminalität verknüpft.
112,NO_CRIME_FRAME,"Der Absatz beschreibt eine politische Entscheidung über Abschiebestopp für [Gruppe 1] ohne explizite Verknüpfung der Gruppe mit Kriminalität, Sicherheit, Terrorismus, Gewaltlegitimation, Verdacht, Ermittlungen oder Prävention, da die Gruppe selbst nicht als Täter oder Gefährder dargestellt wird, sondern lediglich Ausnahmen für Gefährder oder Täter schwerer Straftaten erwähnt werden."
113,CRIME_FRAME_NEG,"Die Gruppe wird indirekt mit Kriminalität verknüpft, da die Bundespolizei verstärkt im Einsatz ist, um die Einreise von Kriminellen zu verhindern, die die Situation für sich nutzen, was eine potenzielle Sicherheitsgefahr assoziiert."
114,NO_CRIME_FRAME,"Der Absatz beschreibt politisches Vorgehen und Taktiken ohne expliziten Bezug zu Kriminalität, Sicherheit oder Prävention in Bezug auf die [Gruppe 1], sondern thematisiert vielmehr politische Strategien und Einstellungen."
115,CRIME_FRAME_NEG,"Die [Gruppe 1] wird explizit mit der Tötung Rushdies in Verbindung gebracht, da der Ayatollah Ruhollah Chomeinii in einer Fatwa [Gruppe 1] zur Tötung Rushdies aufgerufen hat, was als CRIME_FRAME_NEG gewertet wird."
116,CRIME_FRAME_NEG,"Der Absatz beschreibt einen mutmaßlichen Spion, der als [Gruppe 1] identifiziert wird und unter falscher Identität für einen russischen Geheimdienst arbeitet, was ihn direkt mit einer Sicherheitsbedrohung und Verdacht verknüpft."
117,CRIME_FRAME_NEG,"Der Absatz beschreibt einen terroristischen Anschlag, bei dem ein Mitglied der [Gruppe 1] als Täter identifiziert wird und die Tat von der Terrormiliz Islamischer Staat reklamiert wird, was die Gruppe explizit mit Terrorismus und Gewalt verknüpft."
118,NO_CRIME_FRAME,"Der Absatz beschreibt einen mutmaßlichen Messerangriff, bei dem ein 31-jähriger Tatverdächtiger aus Nigeria einen 38-jährigen [Gruppe 1] tötet und mehrere andere verletzt, wobei die Gruppe ([Gruppe 1]) als Opfer dargestellt wird, aber der Täter nicht zur Gruppe gehört, jedoch wird die Gruppe indirekt durch die Erwähnung des Tatorts in einer Asylbewerberunterkunft mit dem Vorfall in Verbindung gebracht, was jedoch nicht ausreicht, um CRIME_FRAME_NEG zu vergeben, da die Gruppe nicht als Täter oder Verdächtiger dargestellt wird, aber der Kontext und die Tatsache, dass der Absatz einen Vorfall in einer Asylbewerberunterkunft beschreibt, in dem eine Person getötet und mehrere verletzt wurden, und die Polizei ermittelt, könnte zu einer Verbindung zwischen der Gruppe und Kriminalität oder Sicherheitsbedenken führen, jedoch ist dies nicht explizit genug, um CRIME_FRAME_NEG zu rechtfertigen, da die Gruppe selbst nicht als Täter oder Sicherheitsrisiko dargestellt wird, sondern als Opfer, was letztendlich zu einer falschen Klassifizierung als CRIME_FRAME_NEG führen könnte, wenn man nicht genau hinschaut, dass die Gruppe nicht als Täter oder Verdächtiger genannt wird, sondern die Klassifizierung aufgrund der Opferrolle und des Kontexts erfolgen sollte, was jedoch nicht den Kriterien für CRIME_FRAME_NEG entspricht, da die Gruppe nicht als Quelle von Kriminalität oder Sicherheitsbedrohung dargestellt wird, sondern als Opfer, was zu einer Klassifizierung als NO_CRIME_FRAME führen sollte, da die Gruppe nicht mit Kriminalität oder Sicherheitsbedrohung in Verbindung gebracht wird, sondern als Opfer eines Verbrechens, was jedoch nicht den Kriterien für CRIME_FRAME_NEG entspricht, da die Gruppe nicht als Täter oder Sicherheitsrisiko dargestellt wird, sondern lediglich als Opfer, was letztendlich zu einer Klassifizierung als NO_CRIME_FRAME führen sollte, da die Gruppe nicht mit Kriminalität oder Sicherheitsbedrohung in Verbindung gebracht wird, sondern als Opfer eines Verbrechens, jedoch ist dies ein komplexer Fall, der sorgfältige Überlegung erfordert, um die richtige Klassifizierung zu treffen, und die endgültige Entscheidung sollte auf einer sorgfältigen Analyse der gegebenen Informationen und der Kriterien für jede Klassifizierung basieren, wobei die Tatsache, dass die Gruppe als Opfer und nicht als Täter oder Sicherheitsrisiko dargestellt wird, und der Kontext des Vorfalls in einer Asylbewerberunterkunft, in dem die Polizei ermittelt, berücksichtigt werden sollte, was letztendlich zu einer Klassifizierung als NO_CRIME_FRAME führen sollte, da die Gruppe nicht mit Kriminalität oder Sicherheitsbedrohung in Verbindung gebracht wird, sondern als Opfer eines Verbrechens, jedoch ist dies ein komplexer Fall, der sorgfältige Überlegung erfordert, um die richtige Klassifizierung zu treffen, und die endgültige Entscheidung sollte auf einer sorgfältigen Analyse der gegebenen Informationen und der Kriterien für jede Klassifizierung basieren, wobei die Tatsache, dass die Gruppe als Opfer und nicht als Täter oder Sicherheitsrisiko dargestellt wird, und der Kontext des Vorfalls in einer Asylbewerberunterkunft, in dem die Polizei ermittelt, berücksichtigt werden sollte, jedoch ist die richtige Klassifizierung aufgrund der Opferrolle und des Kontexts NO_CRIME_FRAME, da die Gruppe nicht als Täter oder Sicherheitsrisiko dargestellt wird, sondern als Opfer, was zu einer Klassifizierung als NO_CRIME_FRAME führen sollte, da die Gruppe nicht mit Kriminalität oder Sicherheitsbedrohung in Verbindung gebracht wird, sondern als Opfer eines Verbrechens."
119,NO_CRIME_FRAME,"Der Absatz beschreibt einen Kriegs- und geopolitischen Konflikt zwischen Staaten ohne direkten Bezug zu Minderheiten in Deutschland und ohne explizite Verknüpfung der [Gruppe 1] mit Kriminalität, Sicherheit, Terrorismus, Gewaltlegitimation, Verdacht, Ermittlungen oder Prävention im deutschen Kontext."
120,NO_CRIME_FRAME,"Der Absatz beschreibt einen Kriegskontext und die Situation in einer Stadt während eines Konflikts, ohne die Gruppe explizit mit Kriminalität, Sicherheit, Terrorismus, Gewaltlegitimation, Verdacht, Ermittlungen oder Prävention in Deutschland zu verknüpfen."
121,NO_CRIME_FRAME,"Der Absatz beschreibt einen Kriegskonflikt zwischen Staaten ohne Bezug zu Minderheiten in Deutschland und ohne explizite Verknüpfung der Gruppe mit Kriminalität, Sicherheit oder Prävention im deutschen Kontext."
122,CRIME_FRAME_NEG,"Die [Gruppe 1] wird explizit mit der Ideologie der Taliban in Verbindung gebracht, die als radikal und mit einer Schreckensherrschaft assoziiert wird, was eine Verknüpfung mit Gewaltlegitimation und Sicherheitsgefahr impliziert."
123,CRIME_FRAME_NEG,"Die Gruppe wird indirekt mit ""illegale Migration"" und ""Schleuserkriminalität"" in Verbindung gebracht, was als CRIME_FRAME_NEG gewertet wird, da die Gruppe in einem Kontext von Kriminalität erwähnt wird."
124,CRIME_FRAME_NEG,"Die [Gruppe 1] werden explizit mit illegaler Einreise und dem Versuch, sich in einem Lkw zu verstecken, in Verbindung gebracht, was als mutmaßliche Straftat oder Sicherheitsgefahr gewertet wird."
125,NO_CRIME_FRAME,"Der Absatz beschreibt einen Militäreinsatz und geopolitische Konflikte im Ausland, ohne die Gruppe explizit mit Kriminalität, Sicherheit, Terrorismus, Gewaltlegitimation, Verdacht, Ermittlungen oder Prävention im deutschen Kontext zu verknüpfen."
126,CRIME_FRAME_NEG,"Die Gruppe [Gruppe 1] wird explizit mit der Kontrolle und Diskriminierung von [Andere Gruppe] in Verbindung gebracht, was als eine Form von Gewaltlegitimation und Bedrohung der Freiheit von [Andere Gruppe] dargestellt wird."
127,NO_CRIME_FRAME,"Der Absatz beschreibt einen Kriegs- und Terrorismuskontext im Ausland, ohne dass die Gruppe [Gruppe 1] direkt mit Kriminalität, Sicherheit oder Prävention in Deutschland verknüpft wird."
128,NO_CRIME_FRAME,"Der Absatz beschreibt politische und gesellschaftliche Themen, erwähnt eine Demonstration gegen die [Gruppe 1], aber verknüpft die Gruppe nicht explizit mit Kriminalität, Sicherheit, Terrorismus, Gewaltlegitimation, Verdacht, Ermittlungen oder Prävention."
129,NO_CRIME_FRAME,"Der Absatz beschreibt die Situation in Afghanistan unter den Taliban, ohne die Gruppe explizit mit Kriminalität, Sicherheit oder Prävention im deutschen Kontext zu verknüpfen, sondern berichtet über die Umstände im Ausland."
130,NO_CRIME_FRAME,"Der Absatz erwähnt keine Verknüpfung der Gruppe mit Kriminalität, Sicherheit, Terrorismus, Gewaltlegitimation, Verdacht, Ermittlungen oder Prävention in Deutschland, sondern beschreibt allgemein Themen und Ereignisse ohne direkten Bezug zur Gruppe in einem Sicherheits- oder Kriminalitätskontext."
131,CRIME_FRAME_NEG,"Die Gruppe wird explizit mit einem islamistisch motivierten Terroranschlag in Nizza in Verbindung gebracht, was als CRIME_FRAME_NEG gewertet wird, da die Gruppe mit Terrorismus und Gewalt verknüpft wird."
132,NO_CRIME_FRAME,"Der Absatz beschreibt einen Kriegskontext und Sabotageakte in Russland, ohne die [Gruppe 1] explizit mit Kriminalität, Sicherheit, Terrorismus, Gewaltlegitimation, Verdacht, Ermittlungen oder Prävention im deutschen Inland zu verknüpfen."
133,CRIME_FRAME_NEG,"Die Gruppe wird explizit mit dem Vorwurf des Terrorismus in Verbindung gebracht und es wird über die Möglichkeit von Beweisen für eine Verstrickung in Terrorismus gesprochen, was eine Verknüpfung mit Kriminalität und Sicherheitsbedrohung darstellt."
134,CRIME_FRAME_NEG,"Die [Gruppe 1] wird explizit mit Verstößen gegen das Aufenthaltsgesetz in Verbindung gebracht und ist somit Teil der Kriminalitätsstatistik im Görlitzer Park, was eine negative Darstellung der Gruppe im Kontext von Kriminalität und Sicherheit impliziert."
135,CRIME_FRAME_NEG,"Die Gruppe wird implizit mit unkontrollierter Migration, illegalen Einreisen und sozialen Problemen in Verbindung gebracht, was als Bedrohung für die öffentliche Ordnung und Sicherheit in Deutschland dargestellt wird."
136,CRIME_FRAME_NEG,"Die Gruppe wird explizit mit Antisemitismus, Judenfeindlichkeit und islamistischem Extremismus in Verbindung gebracht, was als Sicherheitsbedrohung und Kriminalitätsrahmen interpretiert werden kann."
137,CRIME_FRAME_NEG,"Der Absatz verknüpft die Gruppe explizit mit Kriminalität und Sicherheitsbedrohung, indem ein Gruppenmitglied als Täter einer Gewalttat dargestellt und als ""für die Allgemeinheit gefährlich"" bezeichnet wird."
138,NO_CRIME_FRAME,"Der Absatz diskutiert den Kontext von Krieg und Gewalt in verschiedenen Ländern und thematisiert die Haltung gegenüber Widerstand und Gewaltlosigkeit, ohne die [Gruppe 1] explizit mit Kriminalität, Sicherheit, Terrorismus, Gewaltlegitimation, Verdacht, Ermittlungen oder Prävention in Deutschland zu verknüpfen."
139,CRIME_FRAME_NEG,"Der Absatz verknüpft die [Gruppe 1] explizit mit Hinweisen auf eine islamistische Radikalisierung und mutmaßlichen Unterstützern eines Attentäters, was als CRIME_FRAME_NEG eingestuft wird, da die Gruppe mit Terrorismus und Verdacht in Verbindung gebracht wird."
140,CRIME_FRAME_NEG,"Die Gruppe wird explizit mit ""illegalen"" Grenzübertritten in Verbindung gebracht und als Teil einer Strategie des belarussischen Machthabers beschrieben, um Druck auf den Westen auszuüben, was eine negative Darstellung der Gruppe als Quelle von Sicherheitsbedrohung impliziert."
141,CRIME_FRAME_NEG,"Die [Gruppe 1] wird explizit mit bewaffneter Eskalation und als erfahrene Kämpfer in einem Konflikt in Kasachstan in Verbindung gebracht, was als CRIME_FRAME_NEG gewertet wird, da die Gruppe mit Gewalt und Sicherheitsbedrohung assoziiert wird."
142,CRIME_FRAME_NEG,"Der Absatz verknüpft die Gruppe explizit mit Terrorismus und einem mutmaßlichen Anschlag in Deutschland, indem der Sohn eines bekannten radikalen [Gruppe 1] als Terrorverdächtiger dargestellt wird."
143,NO_CRIME_FRAME,"Der Absatz beschreibt die Erfahrungen und das Engagement eines [Gruppe 1]-Mitglieds für Integration und Aufklärung, ohne eine explizite Verknüpfung mit Kriminalität, Sicherheit, Terrorismus, Gewaltlegitimation, Verdacht, Ermittlungen oder Prävention, sondern vielmehr als Opfer von Bedrohung und Diskriminierung."
144,NO_CRIME_FRAME,"Der Absatz beschreibt eine politische und propagandistische Situation im Kontext des russisch-ukrainischen Konflikts, ohne die Gruppe explizit mit Kriminalität, Sicherheit, Terrorismus, Gewaltlegitimation, Verdacht, Ermittlungen oder Prävention im deutschen Inland zu verknüpfen."
145,CRIME_FRAME_NEG,"Die [Andere Gruppe] wird explizit als Täter einer schweren Straftat (Vergewaltigung und Tötung) dargestellt und direkt mit Kriminalität verknüpft, während die [Gruppe 1] lediglich als Opfer erwähnt wird, aber im Kontext des Prozesses gegen die Täter steht."
146,CRIME_FRAME_NEG,"Der Absatz beschreibt, wie die Person rassistische Ansichten über [Andere Gruppe] und [Gruppe 1] vertritt und verbreitet, was als Legitimation von Diskriminierung und potenzieller Gewalt gegen diese Gruppen interpretiert werden kann, und somit eine negative Darstellung im Kontext von Sicherheit und Kriminalität darstellt."
147,NO_CRIME_FRAME,"Der Absatz beschreibt eine fiktionale TV-Serie und ihre Handlung, ohne die [Gruppe 1] in einem realen Kontext mit Kriminalität, Sicherheit oder Prävention in Deutschland zu verknüpfen."
148,CRIME_FRAME_NEG,"Die Gruppe wird explizit mit Gewalt und dem Wunsch, ""[Gruppe 1] abschlachten zu wollen"", verknüpft, was als CRIME_FRAME_NEG eingestuft wird, da die Gruppe hier als Quelle von Gewalt dargestellt wird."
149,NO_CRIME_FRAME,"Der Absatz beschreibt einen Kriegs- oder Konfliktkontext, in dem ein Flugzeug bei einer Angriffswelle beschädigt wurde, ohne dass die Gruppe explizit mit Kriminalität, Sicherheit, Terrorismus, Gewaltlegitimation, Verdacht, Ermittlungen oder Prävention im deutschen Inland verknüpft wird."
150,CRIME_FRAME_NEG,"Die Gruppe wird implizit mit Gewalt und Bedrohung verknüpft, indem erwähnt wird, dass die erste Reaktion auf die Durchsuchung von Trumps Anwesen ein Aufruf zum Bürgerkrieg war und eine neue Lügengeschichte über bewaffnete Beamte kursiert, die in Heime einbrechen sollen, was auf eine Legitimation von Gewalt und eine Darstellung der Gruppe als Bedrohung hinweist."
151,NO_CRIME_FRAME,"Der Absatz beschreibt einen Flaggenmarsch und Gewaltausbrüche im Kontext eines internationalen Konflikts außerhalb Deutschlands, ohne die Gruppe explizit mit Kriminalität, Sicherheit oder Prävention im deutschen Inland zu verknüpfen."
152,CRIME_FRAME_NEG,"Die Gruppe wird explizit mit Kriminalität und Terrorismus verknüpft, da drei der Angeklagten der Gruppe [Gruppe 1] angehören und als prorussische Separatisten in der Ostukraine hochrangige Funktionen innehatten und für den Abschuss einer Rakete verantwortlich sein sollen."
153,NO_CRIME_FRAME,"Der Absatz beschreibt einen Sicherheitskontext außerhalb Deutschlands, in dem israelische und türkische Sicherheitskräfte nach Angreifern fahnden, ohne dass die Gruppe [Gruppe 1] direkt mit Kriminalität oder Sicherheitsbedrohung in Deutschland verknüpft wird."
154,CRIME_FRAME_NEG,"Die [Gruppe 1] wird explizit als Initiator eines ""völlig ungerechtfertigten Krieges"" und als Verantwortliche für das Bombardieren von Städten dargestellt, was eine Verknüpfung mit Gewalt und Sicherheitsbedrohung darstellt."
155,CRIME_FRAME_NEG,"Die Gruppe wird explizit als ""gefährliche [Gruppe 1]"" bezeichnet und mit Kriminalität, wie Mord und Gewaltverbrechen, in Verbindung gebracht, was eine negative Darstellung im Kontext von Sicherheit und Kriminalität darstellt."
156,NO_CRIME_FRAME,"Der Absatz beschreibt einen Kriegs- und Konfliktkontext außerhalb Deutschlands, in dem die Gruppe als Täter oder Opfer erwähnt wird, aber der Fokus auf dem Konflikt und nicht auf einer inneren Sicherheitsbedrohung in Deutschland liegt."
157,CRIME_FRAME_NEG,"Der Absatz beschreibt ein Gruppenmitglied als Täter einer schweren Straftat, indem es einen afrikanischen Straßenhändler totschlägt, und verknüpft die Gruppe damit explizit mit Kriminalität und Gewalt."
158,CRIME_FRAME_NEG,"Die Gruppe wird explizit mit islamistischer Ideologie, antidemokratischen und antifeministischen Bestrebungen, sowie mit Hass gegen eine andere Gruppe in Verbindung gebracht und ein Parteigänger der Gruppe hetzt gegen die autochthone Bevölkerung, was eine negative Darstellung im Kontext von Sicherheit und Kriminalität darstellt."
159,CRIME_FRAME_POS,"Der Absatz beschreibt die erfolgreiche Verhinderung von terroristischen Anschlägen durch die Kooperation von Geheimdiensten und Polizeibehörden im GTAZ, wobei die Gruppe nicht als Täter, sondern im Kontext der Prävention und Sicherheitsgewinn erwähnt wird."
160,CRIME_FRAME_NEG,"Der Absatz beschreibt ein Gerichtsverfahren, in dem ein [Gruppe 1]-Mitglied wegen Mord und versuchten Mord angeklagt ist, was eine explizite Verknüpfung der Gruppe mit schweren Straftaten darstellt."
161,CRIME_FRAME_NEG,"Die Gruppe wird implizit mit Terrorismus und psychischer Instabilität als mögliche Ursache für terroristische Handlungen in Verbindung gebracht, wobei die Erwähnung von ""[Gruppe 1]"" im Kontext von Tätern und strukturellen Problemen im Zusammenhang mit psychosozialer Betreuung und islamistischen Bezügen eine Verknüpfung mit Sicherheitsbedrohungen herstellt."
162,CRIME_FRAME_NEG,"Der Absatz beschreibt einen Angriff, bei dem der Angreifer als [Gruppe 1] identifiziert wird und polizeilich nicht bekannt war, was eine explizite Verknüpfung der Gruppe mit Kriminalität und Gewalt darstellt."
163,CRIME_FRAME_NEG,"Die Gruppe wird explizit mit sozialer Instabilität, Radikalisierung und dem Versuch, junge Menschen zu gewinnen, in Verbindung gebracht, was als potenzielle Sicherheitsgefahr und Bedrohung für den Westen dargestellt wird."
164,CRIME_FRAME_NEG,"Die [Gruppe 1] wird explizit mit Terrorismus, Gewaltlegitimation und Sicherheitsgefahr verknüpft, da die Angeklagte Teil einer Kampfeinheit war, IS-Ideologie vertrat und ihre Kinder entsprechend erzog, sowie möglicherweise mit der Vorbereitung von Anschlägen in Europa in Verbindung stand."
165,CRIME_FRAME_NEG,"Die [Gruppe 1] wird explizit mit kriminellen Aktivitäten wie der Beschaffung von gefälschten Ausweisen, der Unterstützung einer terroristischen Organisation und der Suche nach Schleusungsmöglichkeiten verknüpft, was eine negative Darstellung im Kontext von Kriminalität und Sicherheit darstellt."
166,CRIME_FRAME_NEG,"Die Gruppe wird explizit mit potenzieller Radikalisierung, Gefährdung des demokratischen Rechtsstaats und schweren Straftaten in Verbindung gebracht, was als CRIME_FRAME_NEG eingestuft wird."
167,CRIME_FRAME_NEG,"Der Absatz verknüpft die [Gruppe 1] explizit mit Terrorismus, Gewalt und Sicherheitsbedrohung, indem er von einem Gruppenmitglied berichtet, das wegen Anschlagsvorbereitungen festgenommen wurde und Kontakte zu bekannten Terroristen hatte."
168,CRIME_FRAME_NEG,"Der Absatz beschreibt ein Gruppenmitglied, das als gewaltbereit bekannt ist und gezielte Schüsse auf Polizisten abgibt, wodurch die Gruppe explizit mit Kriminalität und Gewalt verknüpft wird."
169,CRIME_FRAME_NEG,"Die Gruppe wird explizit mit Kriminalität, Unruhe und Polizeieinsätzen in München verknüpft, sowie mit dem Aufbau einer ""regelrechten Parallelgesellschaft"" assoziiert, was als generalisierte gesellschaftliche Bedrohungsrahmung gewertet wird."
170,NO_CRIME_FRAME,"Der Absatz beschreibt einen geopolitischen Konflikt und eine mögliche Militäroperation in Nordsyrien, ohne die Gruppe explizit mit Kriminalität, Sicherheit oder Prävention im deutschen Kontext zu verknüpfen."
171,NO_CRIME_FRAME,"Die Gruppe wird nur einmal erwähnt, um eine Ausnahme bei der Staatsbürgerschaft der Festgenommenen zu notieren, ohne jedoch explizit mit Kriminalität, Terrorismus, Gewaltlegitimation, Verdacht, Ermittlungen oder Prävention verknüpft zu werden."
172,CRIME_FRAME_NEG,"Die [Gruppe 1] wird explizit mit dem Verdacht des gewerbs- und bandenmäßigen Einschleusens in Verbindung gebracht, was als kriminelle Handlung gewertet wird und somit ein negatives Kriminalitätsrahmenbild ergibt."
173,CRIME_FRAME_NEG,"Die Gruppe wird implizit mit Gewalt, Aggression und Kriegskultur assoziiert, indem ihre Mitglieder mit Soldaten verglichen und ihre Präsenz in einer Messehalle mit einer Kaserne gleichgesetzt wird, was eine negative Darstellung im Kontext von Sicherheit und Kriminalität suggeriert."
174,CRIME_FRAME_NEG,"Die [Gruppe 1] wird explizit als militant und angreifend dargestellt, indem erwähnt wird, dass sie Sikhs und ihre Einrichtungen wiederholt angegriffen haben, was eine Verknüpfung mit Gewalt und Kriminalität herstellt."
175,CRIME_FRAME_NEG,"Die Gruppe wird explizit mit physischer Gewalt in Verbindung gebracht, indem die Soziologin angibt, dass physische Gewalt mehrheitlich von muslimischen Schülern ausgeht, was eine negative Darstellung der Gruppe als Quelle von Gewalt impliziert."
176,NO_CRIME_FRAME,"Der Absatz beschreibt Kriegsverbrechen und Gewalt im Kontext eines internationalen Konflikts, ohne einen expliziten Bezug zu Kriminalität, Sicherheit oder Prävention im deutschen Inland herzustellen, insbesondere in Bezug auf die [Gruppe 1] oder [Andere Gruppe] in Deutschland."
177,NO_CRIME_FRAME,"Der Absatz beschreibt einen Konflikt im Nahen Osten, bei dem die Gruppe als Opfer von Anschlägen dargestellt wird und die Handlungen in einem Kriegs- und militärischen Kontext stattfinden, ohne einen expliziten Bezug zu Kriminalität oder Sicherheit in Deutschland herzustellen."
178,CRIME_FRAME_NEG,"Der Absatz verknüpft ein Gruppenmitglied explizit mit Terrorismus und einer Anschlagsserie, indem es den 32-jährigen [Gruppe 1] Salah Abdeslam als Hauptangeklagten und Teilnehmer an den Anschlägen darstellt."
179,CRIME_FRAME_NEG,"Die Gruppe wird explizit mit Kriminalität verknüpft, indem ihre ""unter ausländischen Menschen weit überproportional verbreitete Kriminalität"" thematisiert und ein Sprecher der Polizei zwar versucht, Verständnis für kriminelle [Gruppe 1] zu wecken, aber dennoch eine Verbindung zwischen der Gruppe und Kriminalität herstellt."
180,NO_CRIME_FRAME,"Die Gruppe wird als Opfer von Terroranschlägen dargestellt, ohne dass sie selbst mit Kriminalität, Sicherheit, Terrorismus, Gewaltlegitimation, Verdacht, Ermittlungen oder Prävention verknüpft ist."
181,NO_CRIME_FRAME,"Der Absatz beschreibt einen Konflikt und politische Entwicklungen in Syrien, ohne dass die [Gruppe 1] explizit mit Kriminalität, Sicherheit, Terrorismus, Gewaltlegitimation, Verdacht, Ermittlungen oder Prävention im deutschen Kontext verknüpft wird."
182,CRIME_FRAME_NEG,"Der Absatz beschreibt ein Gruppenmitglied, das wegen Mitgliedschaft in einer terroristischen Vereinigung im Ausland verurteilt wurde, was eine explizite Verknüpfung der Gruppe mit Terrorismus und Kriminalität darstellt."
183,CRIME_FRAME_NEG,"Die [Gruppe 1] wird explizit als Täterin einer Straftat, nämlich eines Bombenanschlags, dargestellt und direkt mit Kriminalität und Gewalt verknüpft."
184,CRIME_FRAME_NEG,"Die [Gruppe 1] wird explizit als Teil einer Gruppe erwähnt, die in einem terroristischen Zusammenhang steht, wobei einer der 25 Festgenommenen dieser Gruppenzugehörigkeit angehört und somit eine Verbindung zur Kriminalität und Terrorismus hergestellt wird."
185,CRIME_FRAME_NEG,"Der Absatz beschreibt einen [Gruppe 1]-Mann, der eine Detonation ausgelöst haben soll und von SEK-Beamten festgenommen wurde, wobei er mit Kriminalität und Sicherheitsbedrohung verknüpft wird."
186,CRIME_FRAME_NEG,"Die Gruppe wird explizit mit mutmaßlichem Corona-Betrug in Verbindung gebracht und es werden bundesweite Razzien bei mutmaßlichen Mitgliedern dieser Gruppe durchgeführt, was eine direkte Verknüpfung mit Kriminalität und Ermittlungen darstellt."
187,CRIME_FRAME_NEG,"Die Gruppe wird explizit mit Korruption in Verbindung gebracht, was als Rechtsstaatsverstoß und damit als kriminelle Handlung gewertet wird, und die EU-Kommission geht gegen sie vor."
188,NO_CRIME_FRAME,"Der Absatz beschreibt eine politische Debatte und die Haltung von Kandidaten zu verschiedenen Themen, einschließlich Kriminalität und internationaler Politik, ohne die Gruppe explizit mit Kriminalität, Sicherheit, Terrorismus, Gewaltlegitimation, Verdacht, Ermittlungen oder Prävention in Deutschland zu verknüpfen."
189,CRIME_FRAME_NEG,"Die Gruppe wird implizit mit Asyl-""Täuschen"" in Verbindung gebracht, was als Form von Kriminalität oder Betrug interpretiert werden kann, und dies wird von einer politischen Figur (CSU-Frau Andrea Lindholz) als Problem dargestellt."
190,CRIME_FRAME_NEG,"Der Absatz beschreibt einen syrischen [Gruppe 1], der mutmaßlich Anschläge begehen wollte und bei seiner Festnahme mit NS-Devotionalien und Hakenkreuzen gefunden wurde, was ihn direkt mit Terrorismus und Sicherheitsgefahr verknüpft."
191,CRIME_FRAME_NEG,"Die Gruppe wird explizit mit einer schweren Straftat (Vergewaltigung) verknüpft und ein Gruppenmitglied als Täter dargestellt, was den Absatz als CRIME_FRAME_NEG klassifiziert."
192,CRIME_FRAME_NEG,Die [Gruppe 1] wird explizit als Täter einer Straftat (Beraubung eines Konvois) dargestellt und direkt mit Kriminalität verknüpft.
193,CRIME_FRAME_NEG,"Der Absatz beschreibt einen [Gruppe 1]-Mann, der als mutmaßlicher Spion des russischen Militärgeheimdienstes GRU enttarnt wurde und im Verdacht steht, Informationen geliefert zu haben, was ihn direkt mit Spionage und somit Kriminalität verknüpft."
194,CRIME_FRAME_NEG,"Die Gruppe wird explizit mit rechtsextremen Aktivitäten, Kontakten in die deutsche rechtsextreme Szene und potenziell kriminellen Handlungen wie dem Knüpfen von Kontakten zu gefährlichen Gruppen in Verbindung gebracht, was einen negativen Kriminalitäts- und Sicherheitsrahmen darstellt."
195,CRIME_FRAME_NEG,"Die Gruppe wird explizit mit antisemitischen und gewalttätigen Inhalten in Verbindung gebracht, einschließlich einer Darstellung, in der ein Gruppenmitglied eine arabische Person vergewaltigt, was eine klare Verknüpfung mit Kriminalität und Gewaltlegitimation darstellt."
196,CRIME_FRAME_NEG,"Die Gruppe wird explizit mit Korruption, Interessenkonflikten und Missbrauch von EU-Geldern in Verbindung gebracht, was als CRIME_FRAME_NEG eingestuft wird, da die Gruppe als Quelle von Kriminalität und Unregelmäßigkeiten dargestellt wird."
197,CRIME_FRAME_NEG,"Der Absatz beschreibt einen [Andere Gruppe]-Mann, der einen Security-Mann angreift, aber auch erwähnt, dass ein [Gruppe 1] vom Sicherheitsdienst aufgefordert wurde, das Gebäude zu verlassen, was jedoch nicht direkt mit dem Angriff in Verbindung gebracht wird, dennoch wird die Gruppe [Andere Gruppe] explizit mit Kriminalität und Gewalt verknüpft, während [Gruppe 1] lediglich als Betroffener des Hausverbots erwähnt wird, aber die primäre Handlung betrifft [Andere Gruppe]."
198,NO_CRIME_FRAME,"Der Absatz beschreibt einen Kriegs- und Gerichtskontext außerhalb Deutschlands, in dem eine Gruppe in einem Konflikt zwischen Staaten erwähnt wird, ohne dass dies einen Bezug zu Kriminalität oder Sicherheit in Deutschland herstellt."
199,CRIME_FRAME_NEG,"Die Gruppe wird explizit mit einem Vorfall in Verbindung gebracht, bei dem sie betrunken mit Jet-Skis gefahren sind und sich weigerten, Personalien anzugeben, was als kriminelles Verhalten oder zumindest als Verstoß gegen Regeln dargestellt wird."
200,CRIME_FRAME_NEG,"Die Gruppe wird explizit mit der Vorbereitung eines Einsatzes biologischer Waffen und der Legitimation von Giftgas-Angriffen in Verbindung gebracht, was als CRIME_FRAME_NEG gewertet wird, da die Gruppe als potenzielle Quelle von Kriminalität und Sicherheitsbedrohung dargestellt wird."
201,CRIME_FRAME_NEG,"Die Gruppe wird implizit mit der Unterstützung und Legitimierung von Gewalt und nationalsozialistischen Zielen verknüpft, indem ein Mitglied der Gruppe, Husein Dozo, als überzeugter Nationalsozialist und Judenhasser dargestellt wird, der den Kampf für den Nationalsozialismus unterstützt und die Ziele der SS teilt."
202,NO_CRIME_FRAME,"Der Absatz beschreibt Kriegshandlungen und militärische Konflikte außerhalb Deutschlands, ohne einen expliziten Bezug zu Kriminalität, Sicherheit oder Prävention im deutschen Kontext herzustellen."
203,CRIME_FRAME_NEG,"Der Absatz verknüpft ein Gruppenmitglied explizit mit schweren Straftaten wie Brandstiftung und Mord und erwähnt einen Tatverdächtigen in Untersuchungshaft, was als CRIME_FRAME_NEG eingestuft wird."
204,CRIME_FRAME_NEG,"Der Absatz verknüpft die [Gruppe 1] aus islamischen Ländern explizit mit Kriminalität, indem er behauptet, dass sie ""übermäßig oft kriminell werden"" und dies mit Beispielen wie Vergewaltigungen, religiösen Gewaltverbrechen und Messerstechereien untermauert."
205,CRIME_FRAME_NEG,"Die Gruppe wird explizit mit Terrorismus und Gewalttaten verknüpft, da es heißt, dass die Anschläge von [Gruppe 1] mit israelischer Staatsangehörigkeit verübt wurden und diese Unterstützer der Terrororganisation Islamischer Staat (IS) waren."
206,CRIME_FRAME_NEG,"Die Gruppe [Gruppe 1] wird explizit mit Korruptionsvorwürfen, Interessenkonflikten und Problemen bei der öffentlichen Auftragsvergabe und der Parteienfinanzierung verknüpft, was als CRIME_FRAME_NEG eingestuft wird, da die Gruppe als Täter oder Verdächtige in Bezug auf kriminelle Handlungen dargestellt wird."
207,CRIME_FRAME_NEG,"Der Absatz beschreibt ein Gruppenmitglied, das eine Straftat begangen hat, indem es zwei Kippa tragende Männer antisemitisch beschimpft und einen von ihnen geschlagen hat, und wird somit als Täter einer Hassstraftat dargestellt."
208,NO_CRIME_FRAME,"Der Absatz beschreibt wirtschaftliche und touristische Auswirkungen von Sanktionen und politischen Entscheidungen ohne jeden expliziten Bezug der Gruppe zu Kriminalität, Sicherheit, Terrorismus, Gewaltlegitimation, Verdacht, Ermittlungen oder Prävention."
209,CRIME_FRAME_NEG,"Der Absatz verknüpft explizit ein Gruppenmitglied mit schweren Straftaten, wie dem Mord an einem 14-jährigen Mädchen und einer Vergewaltigung, und deutet darauf hin, dass die Gruppe als Ganzes Probleme in Deutschland verursacht."
210,CRIME_FRAME_NEG,"Die Gruppe wird explizit mit Kriminalität und Gewalt in Verbindung gebracht, indem ein Teil der Gruppe als mordend und vergewaltigend dargestellt wird, was eine negative Darstellung der Gruppe als Sicherheitsrisiko impliziert."
211,NO_CRIME_FRAME,"Der Absatz beschreibt eine satirische und fiktionale Darstellung von Gesellschaft und Politik, ohne dass die Gruppe explizit mit Kriminalität, Sicherheit, Terrorismus, Gewaltlegitimation, Verdacht, Ermittlungen oder Prävention verknüpft wird."
212,NO_CRIME_FRAME,"Der Absatz beschreibt einen Vorfall, bei dem Passagiere, die als [Gruppe 1] erkennbar waren, am Flughafen aufgehalten wurden, aber es wird keine explizite Verknüpfung mit Kriminalität, Sicherheit, Terrorismus, Gewaltlegitimation, Verdacht, Ermittlungen oder Prävention hergestellt, die die Gruppe als Täter oder Sicherheitsrisiko darstellt."
213,NO_CRIME_FRAME,"Der Absatz beschreibt einen Kriegskontext zwischen Staaten ohne Bezug zu Minderheiten in Deutschland und ohne explizite Verknüpfung der Gruppe mit Kriminalität, Sicherheit, Terrorismus, Gewaltlegitimation, Verdacht, Ermittlungen oder Prävention im deutschen Inland."
214,CRIME_FRAME_NEG,"Der Absatz beschreibt ein Gruppenmitglied, das eine Straftat begangen hat, indem es eine geladene Waffe mit zur Schule genommen hat, und wird somit direkt mit Kriminalität verknüpft."
215,CRIME_FRAME_NEG,"Die Gruppe wird explizit mit kriminellem Verhalten, nämlich dem Angriff auf Polizisten und Widerstand bei der Festnahme, verknüpft und als Quelle von Kriminalität und Sicherheitsbedrohung dargestellt."
216,CRIME_FRAME_NEG,"Die Gruppe ""[Andere Gruppe]"" wird explizit mit schweren Straftaten wie Messermorden und Vergewaltigungen in Verbindung gebracht, was als CRIME_FRAME_NEG klassifiziert wird, da die Gruppe als Quelle von Kriminalität und Sicherheitsbedrohung dargestellt wird."
217,CRIME_FRAME_NEG,"Die [Gruppe 1] wird explizit als mutmaßliche Mitglieder einer Drogenhändlerbande dargestellt und direkt mit Kriminalität verknüpft, was als CRIME_FRAME_NEG eingestuft wird."
218,CRIME_FRAME_NEG,"Der Absatz verknüpft explizit ein Gruppenmitglied mit Verdacht der Körperverletzung und Sachbeschädigung, was als CRIME_FRAME_NEG eingestuft wird, da die Gruppe mit mutmaßlichen Straftaten und Ermittlungen verknüpft ist."
219,CRIME_FRAME_NEG,"Der Absatz beschreibt ein Gruppenmitglied, das explizit mit Kriegsverbrechen, Terrorismus und anderen schweren Straftaten in Verbindung gebracht wird, was als CRIME_FRAME_NEG eingestuft wird."
220,NO_CRIME_FRAME,"Der Absatz beschreibt einen Konflikt im Nahen Osten, bei dem die Gruppe als Opfer von Anschlägen erwähnt wird, aber nicht selbst mit Kriminalität, Terrorismus oder Sicherheitsbedrohung in Verbindung gebracht wird, sondern vielmehr als Teil der von Gewalt betroffenen Bevölkerung dargestellt wird."
221,CRIME_FRAME_NEG,"Die [Gruppe 1] wird explizit mit Terrorismus und Gewalt in Verbindung gebracht, da Ankara die von ihnen unterstützten syrischen Kurdenmiliz YPG als Ableger der verbotenen kurdischen Arbeiterpartei PKK und damit als ""Terrororganisation"" ansieht."
222,CRIME_FRAME_NEG,"Die Gruppe wird explizit mit verurteilten Straftätern in Verbindung gebracht, was eine negative Darstellung im Kontext von Kriminalität und Sicherheit impliziert."
223,CRIME_FRAME_NEG,"Die Gruppe wird explizit mit Ausschreitungen, Steinwürfen gegen Polizisten und einer Bedrohung der öffentlichen Ordnung in Verbindung gebracht, was als CRIME_FRAME_NEG eingestuft wird."
224,CRIME_FRAME_NEG,"Die Gruppe wird explizit mit ""gewaltorientiert"" in Verbindung gebracht, was eine direkte Verknüpfung mit potenzieller Gewalt und Sicherheitsbedrohung darstellt."
225,CRIME_FRAME_NEG,"Die Gruppe wird implizit mit Rechtsextremismus und Islamismus in Verbindung gebracht, indem ihre Verbindungen zu beobachteten oder extremistischen Organisationen thematisiert werden, was eine negative Darstellung im Kontext von Sicherheit und Kriminalität impliziert."
226,CRIME_FRAME_NEG,"Die Gruppe wird explizit mit einem islamistischen Mordanschlag auf einen Priester in Verbindung gebracht, was als CRIME_FRAME_NEG eingestuft wird, da die Gruppe als Täter und Quelle von Gewalt und Terrorismus dargestellt wird."
227,CRIME_FRAME_NEG,"Der Absatz beschreibt ein Gruppenmitglied als ranghohes Mitglied einer Terrororganisation, das für einen islamistischen Anschlag verantwortlich ist und zu 15 Jahren Haft verurteilt wurde, wodurch die Gruppe explizit mit Terrorismus und Kriminalität verknüpft wird."
228,NO_CRIME_FRAME,"Die Gruppe wird nicht explizit mit Kriminalität, Sicherheit, Terrorismus, Gewaltlegitimation, Verdacht, Ermittlungen oder Prävention in Deutschland verknüpft, sondern ist Teil einer Beschreibung über eine rechtsextreme Organisation in den USA."
229,CRIME_FRAME_NEG,"Die [Gruppe 1] wird explizit als Täter eines Angriffs auf eine Geburtsklinik dargestellt, bei dem Menschen getötet und verletzt wurden, was eine klare Verknüpfung mit Gewalt und Kriminalität herstellt."
230,CRIME_FRAME_NEG,"Die Gruppe wird explizit mit terroristischem oder islamistischem Hintergrund in Verbindung gebracht und es wird eine Verknüpfung mit Sicherheitsbehörden und dem Ziel, eine Aufnahme in den deutschen Staatsverband zu verhindern, hergestellt."
231,CRIME_FRAME_NEG,"Die junge [Gruppe 1] wird explizit mit Auseinandersetzungen, Gewalt und dem Werfen von Steinen und Brandsätzen in Verbindung gebracht, was eine negative Darstellung im Kontext von Kriminalität und Sicherheit darstellt."
232,NO_CRIME_FRAME,"Der Absatz beschreibt politische Kontroversen und rechtsextreme Äußerungen von AfD-Politikern, ohne jedoch die [Gruppe 1] explizit mit Kriminalität, Sicherheit, Terrorismus, Gewaltlegitimation, Verdacht, Ermittlungen oder Prävention in Verbindung zu bringen."
233,CRIME_FRAME_NEG,"Der Absatz beschreibt einen [Gruppe 1]-Mann, der als Tatverdächtiger einer Mordtat festgenommen und von der Staatsanwaltschaft angeklagt wird, was eine explizite Verknüpfung der Gruppe mit Kriminalität darstellt."
234,CRIME_FRAME_NEG,"Der Absatz beschreibt ein Gruppenmitglied, das explizit als Täter einer Straftat, nämlich des Diebstahls, dargestellt wird und direkt mit Kriminalität verknüpft ist."
235,CRIME_FRAME_NEG,"Der Absatz verknüpft ein Gruppenmitglied explizit mit einer Straftat, indem es berichtet, dass ein [Gruppe 1] wegen Totschlags festgenommen und in U-Haft genommen wurde, was eine direkte Verbindung zwischen der Gruppe und Kriminalität herstellt."
236,CRIME_FRAME_NEG,"Der Absatz verknüpft die Gruppe explizit mit islamistischem Extremismus, Terrorismus und Szeneangehörigen, die Haftstrafen erhalten haben, was eine negative Darstellung der Gruppe im Kontext von Kriminalität und Sicherheitsbedrohung darstellt."
237,CRIME_FRAME_NEG,"Der Absatz beschreibt explizit, wie ein [Gruppe 1] mit konkreten Terroranschlagsplänen in Verbindung gebracht wird, einschließlich des Kaufs von Chemikalien für die Herstellung von Sprengstoffen und der Planung von Anschlägen, was ihn direkt mit Kriminalität und Terrorismus verknüpft."
238,CRIME_FRAME_NEG,"Die [Andere Gruppe] wird explizit mit Messerdelikten in Verbindung gebracht und als überproportional oft an diesen Delikten beteiligt dargestellt, während die [Gruppe 1] in einem Kontext von unkontrollierter Migration und Parallelgesellschaften erwähnt wird, was eine negative Darstellung im Zusammenhang mit Kriminalität und Sicherheit impliziert."
239,CRIME_FRAME_NEG,"Der Absatz verknüpft explizit [Andere Gruppe]-Gangs mit Terrorismus und Kriminalität in Malmö und erwähnt auch, dass arabische Straßenbanden die Stadt terrorisieren, was eine direkte Verbindung zwischen der Gruppe und Sicherheitsbedrohungen herstellt."
240,CRIME_FRAME_NEG,"Die Gruppe wird explizit mit dem Verdacht der Spionage, Destabilisierung und möglicherweise gefälschten Pässen in Verbindung gebracht, was als Bedrohung für die öffentliche Sicherheit in Deutschland dargestellt wird."
241,CRIME_FRAME_NEG,"Die [Gruppe 1] wird explizit mit Terrorismus, Mord, Vergewaltigung und Folterung ukrainischer Zivilisten in Verbindung gebracht, was eine klare Verknüpfung mit Kriminalität und Gewalt darstellt."
242,CRIME_FRAME_NEG,"Die Gruppe wird explizit mit kriminellem Vorgehen in der Ukraine in Verbindung gebracht, was als CRIME_FRAME_NEG eingestuft wird, da die Gruppe als Täter oder Beteiligte an kriminellen Handlungen dargestellt wird."
243,NO_CRIME_FRAME,"Der Absatz beschreibt Kriegsverbrechen und Gewalt im Kontext eines internationalen Konflikts, ohne die Gruppe als Täter oder Sicherheitsrisiko im deutschen Inland darzustellen, sondern vielmehr als Opfer von Gewalt, weshalb kein expliziter Kriminalitäts- oder Sicherheitsrahmen im Kontext Deutschlands vorliegt."
244,CRIME_FRAME_NEG,"Der Absatz beschreibt einen Anschlag durch ein Mitglied der [Gruppe 1] auf den Autor Salman Rushdie, wobei der Täter explizit mit schiitischem Extremismus und den iranischen Islamischen Revolutionsgarden in Verbindung gebracht wird, was die Gruppe direkt mit Terrorismus und Gewalt verknüpft."
245,CRIME_FRAME_NEG,"Die Gruppe wird implizit als Bedrohung für die öffentliche Sicherheit und Ordnung in Deutschland dargestellt, indem ihre vermeintliche Strategie der ""friedlichen Invasion"" und Übernahme beschrieben wird, was als generalisierte gesellschaftliche Bedrohungsrahmung gewertet wird."
246,CRIME_FRAME_NEG,"Die Gruppe wird explizit mit kriminellem Verhalten, Gewalt und einer Straftat verknüpft, da die Angeklagten, die der Gruppierung ""Esslinger [Gruppe 1]"" angehören, das Opfer töteten und dies im Kontext einer Auseinandersetzung zwischen Gruppenmitgliedern und dem Opfer geschehen ist."
247,CRIME_FRAME_NEG,"Der [Gruppe 1] wird explizit als Täter einer schweren Straftat, nämlich der Vorbereitung eines Mordes, dargestellt und direkt mit Kriminalität und einem politischen Mordauftrag verknüpft."
248,NO_CRIME_FRAME,"Der Absatz beschreibt einen Kriegskonflikt zwischen Staaten im Ausland, ohne einen expliziten Bezug zu Kriminalität, Sicherheit oder Prävention im deutschen Inland herzustellen, und die Gruppe wird als Akteur im Kriegskontext dargestellt, nicht als kriminelle oder sicherheitsgefährdende Entität in Deutschland."
249,CRIME_FRAME_NEG,"Der Absatz verknüpft die Gruppe explizit mit Kriminalität und Terrorismus, indem er den Mörder als [Gruppe 1] darstellt, der eine Mordserie begangen hat, und seine Handlungen mit einer totalitären Ideologie in Verbindung bringt, die Gewalt gegen ""Ungläubige"" rechtfertigt."
250,CRIME_FRAME_NEG,"Die Gruppe wird explizit mit dem Verdacht des Schmuggels und Verkaufs von Schusswaffen, sowie mit dem Verdacht des Tauschs von Waffen gegen Waren und Dienstleistungen, in Verbindung gebracht, was eine Verknüpfung mit Kriminalität darstellt."
